path	tier	sha256	source	evidence	verified_by	notes
srv/Assets/Crate.swf	O	19c320ea8e28095699c5b32bf70cf8a2f5d343f8e892f2fe909f7d049b035f36	archive/classic.tanktrouble.com/Assets/Crate.swf	live 2017-2018 per identical+era-confirmed (tools/era_choices.tsv; era digests FX7RWIJDFHX3M3IIKRBRQQIC62C7HSRT)	tests/test_assets.py	era method: identical+era-confirmed; rejected: wayback-zip-swfs/Crate__Assets_19C320EA.swf;zip-extracted/20130818_TankTrouble_v3.8c/Assets/Crate.swf;zip-extracted/20111011_TankTrouble_v3.6/Assets/Crate.swf
srv/Assets/GameTank.swf	O	d1e004d4c60e2c19a5f7219c3e1fc57f535a3ffdafe8b3784d1ad25a06076fbd	archive/wayback-zip-swfs/GameTank__Assets_D1E004D4.swf	live 2017-2018 per sha1-digest-match (tools/era_choices.tsv; era digests YMIQWA4FC4BDTGUXM7XW4DVFKBLBDWEI)	tests/test_assets.py	era method: sha1-digest-match; rejected: classic.tanktrouble.com/Assets/GameTank.swf;wayback-zip-swfs/GameTank__Assets_83B96231.swf;zip-extracted/20130818_TankTrouble_v3.8c/Assets/GameTank.swf;zip-extracted/20111011_TankTrouble_v3.6/Assets/GameTank.swf
srv/Assets/Laika.swf	O	c5bafd71685fca0d5b133827529ee307e7db39db7fd5361c306905bb8609b65e	archive/classic.tanktrouble.com/Assets/Laika.swf	live 2017-2018 per identical+era-confirmed (tools/era_choices.tsv; era digests U4WJJLGHD6DSZYN2SLAHSSI63DKT6ULO)	tests/test_assets.py	era method: identical+era-confirmed; rejected: -
srv/Assets/Tank.swf	O	cc116db1c16f14e5eb0bd2501fddf6d8e9d2324e38f7387dcbe1baebd3d84c1f	archive/classic.tanktrouble.com/Assets/Tank.swf	live 2017-2018 per sha1-digest-match (tools/era_choices.tsv; era digests AEQQY3RBNSGNSYRXEGI5VITNX37SOUPD;UKRGAQYOHNGNZOI3OY2DYXKHBXRFFHOX;Z55NHBSN3W4FP7XREW42LWJUIDUOLLJM)	tests/test_assets.py	era method: sha1-digest-match; rejected: wayback-zip-swfs/Tank__Assets_51D440C0.swf;wayback-zip-swfs/Tank__Assets_8C458EF1.swf;wayback-zip-swfs/Tank__Assets_B502114E.swf;zip-extracted/20130818_TankTrouble_v3.8c/Assets/Tank.swf;zip-extracted/20121003_TankTrouble_v3.6e/Assets/Tank.swf;zip-extracted/20111011_TankTrouble_v3.6/Assets/Tank.swf;zip-extracted/20110520_TankTrouble_v3.5/Assets/Tank.swf
srv/ads.txt	known-lost	—	—	first CDX capture 2023-06-14, outside era	—	no body held; wayback-recoverable, out of milestone-1 scope
srv/changePassword.php	M2	—	written 2026-08-02	inf; named in infirmary page author comment (srv/infirmary/index.html)	—	501 stub (milestone 1)
srv/content.php	M2	—	written 2026-08-02	obs in CDX	—	501 stub (milestone 1)
srv/embed.php	M1	—	written 2026-08-02	de-rendered 2026-08-03: era-final capture (20181020) verbatim in one @O fence (tools/derender.py); 9 era captures byte-stable since 20170124 incl. the page's own constant initCode numUsers=0	tests/test_render_diff.py	PROMOTED M2->M1 2026-08-03: all 5 dynamic regions template-edit:20170124 -> render fully gated by gate F
srv/faq/index.php	M2	—	written 2026-08-02	directory /faq/ observed in CDX; index filename convention-inferred	—	501 stub (milestone 1)
srv/feedback.php	M2	—	written 2026-08-02	http-observed (HUNT-LOG 46); referenced in 2018 bodies	—	501 stub (milestone 1)
srv/getimage.php	M2	—	written 2026-08-02	obs in CDX x99; ?id=N ?at2x; images content-addressed by integer (HUNT-LOG 46 n.3)	—	501 stub (milestone 1)
srv/images/betaAccessBackground.png	O	65890d8e4f17aa4c32c009c3ad5889cc9943fb274225ef3133e7a7e8293e0255	archive/classic-ui-images/betaAccessBackground.png	recovered classic /images/ set, 122 files (HUNT-LOG 27)	tests/test_assets.py	—
srv/images/betaSign.png	O	fb66ee87c8c5f0120554854b16f5cef694b6a626ae3574ff637eb1ae538842fc	archive/classic-ui-images/betaSign.png	recovered classic /images/ set, 122 files (HUNT-LOG 27)	tests/test_assets.py	—
srv/images/bigBoxBlackBottom.jpg	O	08c6a3c4aa7c9a593769c6409ca0baf029b850fb3c04f297fa4c2e69e5f4a114	archive/classic-ui-images/bigBoxBlackBottom.jpg	recovered classic /images/ set, 122 files (HUNT-LOG 27)	tests/test_assets.py	—
srv/images/bigBoxBlackMiddle.jpg	O	bfed8206c3d3b5e815cd41a62756e51ec74bc0016e177ce5b17134483f585d85	archive/classic-ui-images/bigBoxBlackMiddle.jpg	recovered classic /images/ set, 122 files (HUNT-LOG 27)	tests/test_assets.py	—
srv/images/bigBoxBlackTop.jpg	O	659921398a0243f3b21af3a2e3b0c778ecde41009b3ad3b138803235a6da0ab1	archive/classic-ui-images/bigBoxBlackTop.jpg	recovered classic /images/ set, 122 files (HUNT-LOG 27)	tests/test_assets.py	—
srv/images/bigBoxBoobyTrapperMiddleAndBottom.jpg	O	51ccb101cfb55073f372d5420ef1883b4ade6b93fb8d8fd9f0ca50b52a4f5548	archive/classic-ui-images/bigBoxBoobyTrapperMiddleAndBottom.jpg	recovered classic /images/ set, 122 files (HUNT-LOG 27)	tests/test_assets.py	—
srv/images/bigBoxDeathRayMiddleAndBottom.jpg	O	eb358d30294945085bcc8e9e627527a995ac8a4000bd2492971d7a47a7844dcd	archive/classic-ui-images/bigBoxDeathRayMiddleAndBottom.jpg	recovered classic /images/ set, 122 files (HUNT-LOG 27)	tests/test_assets.py	—
srv/images/bigBoxFacebookBottom.jpg	O	07f52d08bbea6ebee5671f364739608fc781f860adaa0210c3de83e1713c46e0	archive/classic-ui-images/bigBoxFacebookBottom.jpg	recovered classic /images/ set, 122 files (HUNT-LOG 27)	tests/test_assets.py	—
srv/images/bigBoxFacebookMiddle.jpg	O	82df42ee4ca126f0985b425f0e4ab2030295e52959e76a8c2322053e578de66e	archive/classic-ui-images/bigBoxFacebookMiddle.jpg	recovered classic /images/ set, 122 files (HUNT-LOG 27)	tests/test_assets.py	—
srv/images/bigBoxFacebookTop.jpg	O	e661c9cb5a6277daf8af6c56ad96463f095df2ff2a580ee269ef32eb09119e4a	archive/classic-ui-images/bigBoxFacebookTop.jpg	recovered classic /images/ set, 122 files (HUNT-LOG 27)	tests/test_assets.py	—
srv/images/bigBoxFragBombMiddleAndBottom.jpg	O	c3534ce1106f850c6e3fa1174527086b071307b0009f9aa3f2df3fae018869bf	archive/classic-ui-images/bigBoxFragBombMiddleAndBottom.jpg	recovered classic /images/ set, 122 files (HUNT-LOG 27)	tests/test_assets.py	—
srv/images/bigBoxGatlingMiddleAndBottom.jpg	O	6d75eb11612747861417801e1621bf2ce7929fd357043508ad94b22c52ac18e9	archive/classic-ui-images/bigBoxGatlingMiddleAndBottom.jpg	recovered classic /images/ set, 122 files (HUNT-LOG 27)	tests/test_assets.py	—
srv/images/bigBoxGrayHollowBottom.jpg	O	1dd3c95c8522fe05ee7a1d4f437f7d953daeada1c0c2ff356c5403b2eb4dffd3	archive/classic-ui-images/bigBoxGrayHollowBottom.jpg	recovered classic /images/ set, 122 files (HUNT-LOG 27)	tests/test_assets.py	—
srv/images/bigBoxGrayHollowMiddle.jpg	O	24d0b9fb573e94c4803a77aa03e629521cc096e98e02e287f3cba65f33841ddc	archive/classic-ui-images/bigBoxGrayHollowMiddle.jpg	recovered classic /images/ set, 122 files (HUNT-LOG 27)	tests/test_assets.py	—
srv/images/bigBoxGrayHollowTop.jpg	O	b319bacca4671f4e60a87d3fb7ea14c99699607999d72b23bdc7e01671610325	archive/classic-ui-images/bigBoxGrayHollowTop.jpg	recovered classic /images/ set, 122 files (HUNT-LOG 27)	tests/test_assets.py	—
srv/images/bigBoxHomingMissileMiddleAndBottom.jpg	O	80b81e11184aa0bbcde3591058303b458bdc92e31da14eba77d153aeb3f2cea6	archive/classic-ui-images/bigBoxHomingMissileMiddleAndBottom.jpg	recovered classic /images/ set, 122 files (HUNT-LOG 27)	tests/test_assets.py	—
srv/images/bigBoxLaserMiddleAndBottom.jpg	O	ee3a6cf49740bb8225fc8dc8ac094d8c992179a93c01dfccd7a93d8816a0b7ac	archive/classic-ui-images/bigBoxLaserMiddleAndBottom.jpg	recovered classic /images/ set, 122 files (HUNT-LOG 27)	tests/test_assets.py	—
srv/images/bigBoxLimeHollowBottom.jpg	O	45f8809fdcc0759e028b7458b6ae02243173dc27c4c1f96d6c9c1c86e7f050bf	archive/classic-ui-images/bigBoxLimeHollowBottom.jpg	recovered classic /images/ set, 122 files (HUNT-LOG 27)	tests/test_assets.py	—
srv/images/bigBoxLimeHollowMiddle.jpg	O	f127f3db94609ae6c2381a2ed8e6c347cb9222644f58b88368dab2573515a315	archive/classic-ui-images/bigBoxLimeHollowMiddle.jpg	recovered classic /images/ set, 122 files (HUNT-LOG 27)	tests/test_assets.py	—
srv/images/bigBoxLimeHollowTop.jpg	O	14d9011f14091d87f3e50bea1e49efd7c78a9111572a93c07f50500696039ce7	archive/classic-ui-images/bigBoxLimeHollowTop.jpg	recovered classic /images/ set, 122 files (HUNT-LOG 27)	tests/test_assets.py	—
srv/images/bigBoxOrangeBottom.jpg	O	4cbf6142def9129447ba909fddbd5059420ab24715e3b278e4ca441bb56fa6a4	archive/classic-ui-images/bigBoxOrangeBottom.jpg	recovered classic /images/ set, 122 files (HUNT-LOG 27)	tests/test_assets.py	—
srv/images/bigBoxOrangeMiddle.jpg	O	ec681834791e76fb5f1124515968c4c0d4689e00821f6a8423f35554427be38c	archive/classic-ui-images/bigBoxOrangeMiddle.jpg	recovered classic /images/ set, 122 files (HUNT-LOG 27)	tests/test_assets.py	—
srv/images/bigBoxOrangeTop.jpg	O	a9390660939f182ac51dbe57ff3ca72e3ecb75b4bcaad5ce8f87dd956a780197	archive/classic-ui-images/bigBoxOrangeTop.jpg	recovered classic /images/ set, 122 files (HUNT-LOG 27)	tests/test_assets.py	—
srv/images/bigBoxRCMissileMiddleAndBottom.jpg	O	4107a4033c30e4e488704e9e86b0d1073f5d431dfddfeb4b18ebfaab742347c3	archive/classic-ui-images/bigBoxRCMissileMiddleAndBottom.jpg	recovered classic /images/ set, 122 files (HUNT-LOG 27)	tests/test_assets.py	—
srv/images/bigBoxRedHollowBottom.jpg	O	a6b6a6f06ae07f8b102675d6b96f66f3686647cc7cf05018754de8944db26f6c	archive/classic-ui-images/bigBoxRedHollowBottom.jpg	recovered classic /images/ set, 122 files (HUNT-LOG 27)	tests/test_assets.py	—
srv/images/bigBoxRedHollowMiddle.jpg	O	ccfe4000d8a0e3561676a5d9d7f070bac1b66f0db5c6f0e6359a8b40d36cc7d2	archive/classic-ui-images/bigBoxRedHollowMiddle.jpg	recovered classic /images/ set, 122 files (HUNT-LOG 27)	tests/test_assets.py	—
srv/images/bigBoxRedHollowTop.jpg	O	a49a3fce53752381f4df8e4687822258021b10a118b67b1557d8ab3fe6f693d7	archive/classic-ui-images/bigBoxRedHollowTop.jpg	recovered classic /images/ set, 122 files (HUNT-LOG 27)	tests/test_assets.py	—
srv/images/bigBoxYellowBottom.jpg	O	65f475ff85bf4ccfb91e5d330b5fd539b2ccf815416578ac55599dd1f23d41c4	archive/classic-ui-images/bigBoxYellowBottom.jpg	recovered classic /images/ set, 122 files (HUNT-LOG 27)	tests/test_assets.py	—
srv/images/bigBoxYellowMiddle.jpg	O	9e6916b43f09c7487ac223298529e7e0b473ca9992d4943311ae5e9c39e8978e	archive/classic-ui-images/bigBoxYellowMiddle.jpg	recovered classic /images/ set, 122 files (HUNT-LOG 27)	tests/test_assets.py	—
srv/images/bigBoxYellowTop.jpg	O	d3ae4f9922bc6133d80382d5ee467edd35d69aeb8d7db305c3c8b1dd048342f0	archive/classic-ui-images/bigBoxYellowTop.jpg	recovered classic /images/ set, 122 files (HUNT-LOG 27)	tests/test_assets.py	—
srv/images/blackHoodiePokingOut.png	O	c15af7133b2651f3ac4aa02ea652ef875935dbdcab8b8e750ee05b2350485dd7	archive/classic-ui-images/blackHoodiePokingOut.png	recovered classic /images/ set, 122 files (HUNT-LOG 27)	tests/test_assets.py	—
srv/images/boxBlackBottom.jpg	O	e16366f1daed43dcc78b8dae059cff301096985e6d4236f4d8bb5155f242f224	archive/classic-ui-images/boxBlackBottom.jpg	recovered classic /images/ set, 122 files (HUNT-LOG 27)	tests/test_assets.py	—
srv/images/boxBlackMiddle.jpg	O	d6f261d009034388af5a37b66a2763d73ebfe5f901e857559f2905ca11d357f2	archive/classic-ui-images/boxBlackMiddle.jpg	recovered classic /images/ set, 122 files (HUNT-LOG 27)	tests/test_assets.py	—
srv/images/boxBlackTop.jpg	O	c1160895663c9bc6b04fa88bf8f029fadc662026c6d628425d439dbc2344bcb3	archive/classic-ui-images/boxBlackTop.jpg	recovered classic /images/ set, 122 files (HUNT-LOG 27)	tests/test_assets.py	—
srv/images/boxBlueBottom.jpg	O	92cef959323a544a9740d79adfe72a8c4a81a6ba4183358362100b86d18c452b	archive/classic-ui-images/boxBlueBottom.jpg	recovered classic /images/ set, 122 files (HUNT-LOG 27)	tests/test_assets.py	—
srv/images/boxBlueMiddle.jpg	O	7b3038f3ab7e7aa3d0ba5783704240525a91b14e37be08e5a6d270fbe919c831	archive/classic-ui-images/boxBlueMiddle.jpg	recovered classic /images/ set, 122 files (HUNT-LOG 27)	tests/test_assets.py	—
srv/images/boxBlueTop.jpg	O	faa2193a41020e204802c9bf90e372e59a4a679f5969bf55ca6200e434d0d069	archive/classic-ui-images/boxBlueTop.jpg	recovered classic /images/ set, 122 files (HUNT-LOG 27)	tests/test_assets.py	—
srv/images/boxFacebookPageTopAndMiddleAndBottom.jpg	O	9bb67b4bf3a7e70ae26317b58457d0d9fe7b487ba8b6b1453a32b8056b42fd92	archive/classic-ui-images/boxFacebookPageTopAndMiddleAndBottom.jpg	recovered classic /images/ set, 122 files (HUNT-LOG 27)	tests/test_assets.py	—
srv/images/boxGatlingTopAndMiddleAndBottom.jpg	O	83560232882d230ec08032f2123a8e4e1d8ce01d2881eab909b7e9033c378904	archive/classic-ui-images/boxGatlingTopAndMiddleAndBottom.jpg	recovered classic /images/ set, 122 files (HUNT-LOG 27)	tests/test_assets.py	—
srv/images/boxGrayHollowBottom.jpg	O	114a30264ed900673d467cebfdc64af1e21963987efdd0253954aa7236732528	archive/classic-ui-images/boxGrayHollowBottom.jpg	recovered classic /images/ set, 122 files (HUNT-LOG 27)	tests/test_assets.py	—
srv/images/boxGrayHollowBottomTab1Selected.jpg	O	a9de04aa38c15e33f49417b96494ba4f28e146d7b50174a5be59ab10f3a1d106	archive/classic-ui-images/boxGrayHollowBottomTab1Selected.jpg	recovered classic /images/ set, 122 files (HUNT-LOG 27)	tests/test_assets.py	—
srv/images/boxGrayHollowBottomTab2Selected.jpg	O	45498c182eb964884929374721ba821e3b964eaa04e58d3224d0c4256427c4ff	archive/classic-ui-images/boxGrayHollowBottomTab2Selected.jpg	recovered classic /images/ set, 122 files (HUNT-LOG 27)	tests/test_assets.py	—
srv/images/boxGrayHollowMiddle.jpg	O	8200cd31cd5fd351dc7d96fa421dbf0c6cc03777fe30d3e46f2c9dce1f52be97	archive/classic-ui-images/boxGrayHollowMiddle.jpg	recovered classic /images/ set, 122 files (HUNT-LOG 27)	tests/test_assets.py	—
srv/images/boxGrayHollowTop.jpg	O	69f2355b02f56742b1683366d1ac84edc7b8cdf075d47c226e90f7d40a29ca70	archive/classic-ui-images/boxGrayHollowTop.jpg	recovered classic /images/ set, 122 files (HUNT-LOG 27)	tests/test_assets.py	—
srv/images/boxHotDisclosure1CoverTopAndMiddleAndBottom.jpg	O	a0f895ebb7118bd04851ce030899842620b15404721960cc68d8eb221fed8feb	archive/classic-ui-images/boxHotDisclosure1CoverTopAndMiddleAndBottom.jpg	recovered classic /images/ set, 122 files (HUNT-LOG 27)	tests/test_assets.py	—
srv/images/boxLaikaTopAndMiddleAndBottom.jpg	O	1a7bfd4ba0c773f9a6edbac0971fdb213101032d10d7fe04b78b1d78de053d3e	archive/classic-ui-images/boxLaikaTopAndMiddleAndBottom.jpg	recovered classic /images/ set, 122 files (HUNT-LOG 27)	tests/test_assets.py	—
srv/images/boxLaserMiddleAndBottom.jpg	O	f4048c0d0ddcec482000a463a2673ce28cca197f7f4db4cdd51729306e5b18ce	archive/classic-ui-images/boxLaserMiddleAndBottom.jpg	recovered classic /images/ set, 122 files (HUNT-LOG 27)	tests/test_assets.py	—
srv/images/boxOrangeBottom.jpg	O	1c8fbe09e54a0361b6dcddf3230ef933587fce4e0322e6207646332af64f1af4	archive/classic-ui-images/boxOrangeBottom.jpg	recovered classic /images/ set, 122 files (HUNT-LOG 27)	tests/test_assets.py	—
srv/images/boxOrangeMiddle.jpg	O	d9b1a6dd299d398be8743e461d09a06c4ad48e42b02da76580c6ec94a4d5d165	archive/classic-ui-images/boxOrangeMiddle.jpg	recovered classic /images/ set, 122 files (HUNT-LOG 27)	tests/test_assets.py	—
srv/images/boxOrangeTop.jpg	O	a505217c19b97f87be46a8df9ed16c1d12f595dc67e0abed1484a17234d023cb	archive/classic-ui-images/boxOrangeTop.jpg	recovered classic /images/ set, 122 files (HUNT-LOG 27)	tests/test_assets.py	—
srv/images/boxRedHollowBottom.jpg	O	f25c24634d046cdba28012d06a53345fa3c6c4a90799bc0c75e1429f8d5c4b4c	archive/classic-ui-images/boxRedHollowBottom.jpg	recovered classic /images/ set, 122 files (HUNT-LOG 27)	tests/test_assets.py	—
srv/images/boxRedHollowMiddle.jpg	O	9b0ed472663165eebf1d939f7ca9078b88181c10697ccc6c6b1a359f5cb9532e	archive/classic-ui-images/boxRedHollowMiddle.jpg	recovered classic /images/ set, 122 files (HUNT-LOG 27)	tests/test_assets.py	—
srv/images/boxRedHollowTop.jpg	O	02ba77d5fd6f288e707fabb07b1d9baf9dde164981e32993aff0a6a4cf048790	archive/classic-ui-images/boxRedHollowTop.jpg	recovered classic /images/ set, 122 files (HUNT-LOG 27)	tests/test_assets.py	—
srv/images/boxTellAFriendMiddleAndBottom.jpg	O	031308825c2b4365b765f6c7ef4d778c72a2d75f5b1330ea9a4334261cba0eae	archive/classic-ui-images/boxTellAFriendMiddleAndBottom.jpg	recovered classic /images/ set, 122 files (HUNT-LOG 27)	tests/test_assets.py	—
srv/images/boxYellowBottom.jpg	O	f1a59b6a53d143311405616f7c53bf745031615509435e4197e16f6e29264831	archive/classic-ui-images/boxYellowBottom.jpg	recovered classic /images/ set, 122 files (HUNT-LOG 27)	tests/test_assets.py	—
srv/images/boxYellowMiddle.jpg	O	477a1855dd573d596f201be2419962eaa7bdf48b5a38471ec25f64f0133c23db	archive/classic-ui-images/boxYellowMiddle.jpg	recovered classic /images/ set, 122 files (HUNT-LOG 27)	tests/test_assets.py	—
srv/images/boxYellowTop.jpg	O	855dccdcfe9417a674e2a2dec86dd5171cadf2a0716c16fefac12ea1a42ab50e	archive/classic-ui-images/boxYellowTop.jpg	recovered classic /images/ set, 122 files (HUNT-LOG 27)	tests/test_assets.py	—
srv/images/callToAction00.png	O	5a5d211dd6603392633fe0681300339ef2e220f90230b583ed709a1585ab895f	archive/classic-ui-images/callToAction00.png	recovered classic /images/ set, 122 files (HUNT-LOG 27)	tests/test_assets.py	—
srv/images/callToAction01.png	O	68cc29324d11ac397f03f58ea9e04adb3486c1c5e87a7770ebcc803cb0157fc6	archive/classic-ui-images/callToAction01.png	recovered classic /images/ set, 122 files (HUNT-LOG 27)	tests/test_assets.py	—
srv/images/callToAction02.png	O	59c2c3a98f966fcc355235769f845f50b1c926f45d960cf5425a074df50ad2f8	archive/classic-ui-images/callToAction02.png	recovered classic /images/ set, 122 files (HUNT-LOG 27)	tests/test_assets.py	—
srv/images/callToAction03.png	O	660ec4cf698980b536e4055bc2fac399b49adf265318cdca0f51585c2115f915	archive/classic-ui-images/callToAction03.png	recovered classic /images/ set, 122 files (HUNT-LOG 27)	tests/test_assets.py	—
srv/images/callToAction04.png	O	febffdf718342c6ad2ffa661436610600fcb4c3cf986bc0cee3876ae6739b4fe	archive/classic-ui-images/callToAction04.png	recovered classic /images/ set, 122 files (HUNT-LOG 27)	tests/test_assets.py	—
srv/images/christmasCandle.png	O	82abb8066fb077445d5087e39f0747e7518c3ea283345e2889aff890bc74939c	archive/classic-ui-images/christmasCandle.png	recovered classic /images/ set, 122 files (HUNT-LOG 27)	tests/test_assets.py	—
srv/images/christmasPresent14.png	O	b1550c6c71080371c96921c6a2c131992f5a53d492ba732766fcf68558c98cd4	archive/classic-ui-images/christmasPresent14.png	recovered classic /images/ set, 122 files (HUNT-LOG 27)	tests/test_assets.py	—
srv/images/christmasPresent15.png	O	a661a09d9bf82e909e9eda3d3f6401c8c03135548049ec6a33e32f8a5bd885c5	archive/classic-ui-images/christmasPresent15.png	recovered classic /images/ set, 122 files (HUNT-LOG 27)	tests/test_assets.py	—
srv/images/christmasPresent2.png	O	2d83df4daed43a54c5fece2a4dbef1e78ec3b2a8ca7899db72ba4a95e3990c57	archive/classic-ui-images/christmasPresent2.png	recovered classic /images/ set, 122 files (HUNT-LOG 27)	tests/test_assets.py	—
srv/images/christmasPresent23.png	O	0b8e20e8763918fec476699dae98cb2b31b6b71263996d4b71b07758f4718bc7	archive/classic-ui-images/christmasPresent23.png	recovered classic /images/ set, 122 files (HUNT-LOG 27)	tests/test_assets.py	—
srv/images/christmasPresent4.png	O	bd61ee406ece46cd515944453bc8687b1f3407243010011b28a058d3223f4dad	archive/classic-ui-images/christmasPresent4.png	recovered classic /images/ set, 122 files (HUNT-LOG 27)	tests/test_assets.py	—
srv/images/christmasPresent6.png	O	b2682a73d1db3084215eb2405861b47549ec2d2893fb6b5750b2700aa37946ae	archive/classic-ui-images/christmasPresent6.png	recovered classic /images/ set, 122 files (HUNT-LOG 27)	tests/test_assets.py	—
srv/images/christmasPresent8.png	O	3dddec2b989c1f0202d1f4c1b8f7cbf16a40dfe00a1011ba4bb6653bccb8dcc3	archive/classic-ui-images/christmasPresent8.png	recovered classic /images/ set, 122 files (HUNT-LOG 27)	tests/test_assets.py	—
srv/images/doctorDemitri.jpg	O	68dcc7f148af1b682deed8e8780ddca1c0602d71337d9033d756c53dfe1968e6	archive/classic-ui-images/doctorDemitri.jpg	recovered classic /images/ set, 122 files (HUNT-LOG 27)	tests/test_assets.py	—
srv/images/facebookLogoWhite.svg	O	46c01746bc1c38f892a689577138692eb01bff6384d7fcd2fca1bb473c5eba72	archive/classic-ui-images/facebookLogoWhite.svg	recovered classic /images/ set, 122 files (HUNT-LOG 27)	tests/test_assets.py	—
srv/images/frameGrayHollowBottom.jpg	O	64fbe93ba7282f7a8f6253316cb5d26e526e2abaad0190ce56ddd0f3ff1cd7e9	archive/classic-ui-images/frameGrayHollowBottom.jpg	recovered classic /images/ set, 122 files (HUNT-LOG 27)	tests/test_assets.py	—
srv/images/frameGrayHollowBottomLeftCorner.jpg	O	e2bb0ab677583e65616d58b547715a9ad81e97a9050e7d9d43365f883f2935cc	archive/classic-ui-images/frameGrayHollowBottomLeftCorner.jpg	recovered classic /images/ set, 122 files (HUNT-LOG 27)	tests/test_assets.py	—
srv/images/frameGrayHollowBottomRightCorner.jpg	O	4af752c5c11e90a79dcfd2be9f2e2bf0b8aff706d88c925aeb4e8a93d1fdf090	archive/classic-ui-images/frameGrayHollowBottomRightCorner.jpg	recovered classic /images/ set, 122 files (HUNT-LOG 27)	tests/test_assets.py	—
srv/images/frameGrayHollowLeft.jpg	O	045b7b83d6fc96d6a4b00ba1d2c1e383e59c0430fb9dfd0f86bee921fa7bdfe3	archive/classic-ui-images/frameGrayHollowLeft.jpg	recovered classic /images/ set, 122 files (HUNT-LOG 27)	tests/test_assets.py	—
srv/images/frameGrayHollowRight.jpg	O	f82e2861b04214a2be7421dd9cf959a36d6d301045ecf28fbbbe1fe24e61971f	archive/classic-ui-images/frameGrayHollowRight.jpg	recovered classic /images/ set, 122 files (HUNT-LOG 27)	tests/test_assets.py	—
srv/images/frameGrayHollowTop.jpg	O	ca12406277b51d9ea6cd2b2dc22d9147d683061afbdd40143597eef6f5bab4bf	archive/classic-ui-images/frameGrayHollowTop.jpg	recovered classic /images/ set, 122 files (HUNT-LOG 27)	tests/test_assets.py	—
srv/images/frameGrayHollowTopLeftCorner.jpg	O	3ed28a8ed2f670c54aaec2efd7b49640576dae44a8bfa61e82dec95213bfb59a	archive/classic-ui-images/frameGrayHollowTopLeftCorner.jpg	recovered classic /images/ set, 122 files (HUNT-LOG 27)	tests/test_assets.py	—
srv/images/frameGrayHollowTopRightCorner.jpg	O	2e94035c0842006622040b17ae5d6012ce14426fdd8ef74421ce9efca6fc1d81	archive/classic-ui-images/frameGrayHollowTopRightCorner.jpg	recovered classic /images/ set, 122 files (HUNT-LOG 27)	tests/test_assets.py	—
srv/images/iPhone1.1.0.jpg	O	b65d63c1d3f6bac084cd8f368c15c4f4299080c66483453323e4a3c16044b3d2	archive/classic-ui-images/iPhone1.1.0.jpg	recovered classic /images/ set, 122 files (HUNT-LOG 27)	tests/test_assets.py	—
srv/images/jack-o-Lantern.png	O	5106a1536abe89b50b9debebcb22229dff778dfc392060f790329f2057315f6a	archive/classic-ui-images/jack-o-Lantern.png	recovered classic /images/ set, 122 files (HUNT-LOG 27)	tests/test_assets.py	—
srv/images/jack-o-LanternOpen.jpg	O	2cf5b4ad8ce414714047a8d74f079a0f93c0b5828719002c43cdc9fe2e0c811d	archive/classic-ui-images/jack-o-LanternOpen.jpg	recovered classic /images/ set, 122 files (HUNT-LOG 27)	tests/test_assets.py	—
srv/images/kickstarterCrates120x125.png	O	8858bfdd0a37bcf49a7ba337cca84064e6aa8cc57bef3de4aeac2dc03ad0138b	archive/classic-ui-images/kickstarterCrates120x125.png	recovered classic /images/ set, 122 files (HUNT-LOG 27)	tests/test_assets.py	—
srv/images/kickstarterFAQBanner.png	O	2979492bc5df500fc1882ec11632f81b5cbe59a79fd79d89397c21c81945adac	archive/classic-ui-images/kickstarterFAQBanner.png	recovered classic /images/ set, 122 files (HUNT-LOG 27)	tests/test_assets.py	—
srv/images/kickstarterFeature120x91.png	O	d74aa9c668194ada584f23c778e4fd0b54bd78cc4844d50d081fc67e087abf61	archive/classic-ui-images/kickstarterFeature120x91.png	recovered classic /images/ set, 122 files (HUNT-LOG 27)	tests/test_assets.py	—
srv/images/kickstarterLogo100x39.png	O	7cf8c2ec4d0d0ff6a451feef999bb2f8198e9bab602df4251648d6ce2af3d4fc	archive/classic-ui-images/kickstarterLogo100x39.png	recovered classic /images/ set, 122 files (HUNT-LOG 27)	tests/test_assets.py	—
srv/images/kickstarterLogo100x39_black_white.png	O	fae55d810c8f17116f5395de282f96c948435d8c5f1fcbd9d2ea1a2ec7936204	archive/classic-ui-images/kickstarterLogo100x39_black_white.png	recovered classic /images/ set, 122 files (HUNT-LOG 27)	tests/test_assets.py	—
srv/images/kickstarterLogo158x19.png	O	7622dc68e99942c0dbca643eee5949b69890545219675056caf552eda71c9e68	archive/classic-ui-images/kickstarterLogo158x19.png	recovered classic /images/ set, 122 files (HUNT-LOG 27)	tests/test_assets.py	—
srv/images/logInToGetStarted.jpg	O	fa7a04927c818e61da58f971e29f99cbb9434756dc7ede241bf90934e4af93d7	archive/classic-ui-images/logInToGetStarted.jpg	recovered classic /images/ set, 122 files (HUNT-LOG 27)	tests/test_assets.py	—
srv/images/logInToGetStarted.png	O	3b01eae98bdfb17a5a405d5e0dcd33cc129e1fa1ac091b14011e06fabeab6876	archive/classic-ui-images/logInToGetStarted.png	recovered classic /images/ set, 122 files (HUNT-LOG 27)	tests/test_assets.py	—
srv/images/marineHoodiePokingOut.png	O	ee3d9fd5db67a6283c2f637bc15784f9593f0eafe876c3d1ede2fd1d1e381480	archive/classic-ui-images/marineHoodiePokingOut.png	recovered classic /images/ set, 122 files (HUNT-LOG 27)	tests/test_assets.py	—
srv/images/newsGirlyBottom.jpg	O	6c8fe71adfdc6b3c57049e4d463c20165fb48aec3efabf83fb0d676a8b11f52f	archive/classic-ui-images/newsGirlyBottom.jpg	recovered classic /images/ set, 122 files (HUNT-LOG 27)	tests/test_assets.py	—
srv/images/newsGirlyContent.jpg	O	8d0609062ff3daefea87473e79e82253a8a2c501e1655e426c436fd461b9ff9e	archive/classic-ui-images/newsGirlyContent.jpg	recovered classic /images/ set, 122 files (HUNT-LOG 27)	tests/test_assets.py	—
srv/images/newsGirlyHeader.jpg	O	38bc05f0a61b2749e2ee019807d85e09515c857b8791c31b7a2c871025c0e3bd	archive/classic-ui-images/newsGirlyHeader.jpg	recovered classic /images/ set, 122 files (HUNT-LOG 27)	tests/test_assets.py	—
srv/images/payPal.gif	O	25e7f14ca02fb6cf5cfd6137fe094104fb346579da271ccff8a8016de0b4aade	archive/classic-ui-images/payPal.gif	recovered classic /images/ set, 122 files (HUNT-LOG 27)	tests/test_assets.py	—
srv/images/redAndYellowMugs.png	O	502d7f64893627c9a9db002b02ec37a110aea03360ab077a2761828141223c2a	archive/classic-ui-images/redAndYellowMugs.png	recovered classic /images/ set, 122 files (HUNT-LOG 27)	tests/test_assets.py	—
srv/images/shop.jpg	O	334b1a974eedeecbf3ca717139e15aa18a336be363db4715acda444a53a9bbf2	archive/classic-ui-images/shop.jpg	recovered classic /images/ set, 122 files (HUNT-LOG 27)	tests/test_assets.py	—
srv/images/shop/backerBox.png	O	1337f9886a19cead22be41c0b1c145e878e05c887c0d5ba41e593aa5568bbef3	archive/classic-ui-images/shop/backerBox.png	recovered classic /images/ set, 122 files (HUNT-LOG 27)	tests/test_assets.py	—
srv/images/shop/backerBoxNinja.png	O	655461061db7e85cabfd53ea5cefb3ad944a78c5bc258090088909fa27ca243e	archive/classic-ui-images/shop/backerBoxNinja.png	recovered classic /images/ set, 122 files (HUNT-LOG 27)	tests/test_assets.py	—
srv/images/shop/backerBoxSkull.png	O	080b64cca9b9ba56fd0af51480e29d09d08c7c4d7695630d47b63c9fb20e24cd	archive/classic-ui-images/shop/backerBoxSkull.png	recovered classic /images/ set, 122 files (HUNT-LOG 27)	tests/test_assets.py	—
srv/images/shop/backerTShirt.png	O	80fd086b0f77904c1a20a6e659593c5704ca0808b0eefec4932508659875e157	archive/classic-ui-images/shop/backerTShirt.png	recovered classic /images/ set, 122 files (HUNT-LOG 27)	tests/test_assets.py	—
srv/images/shop/betaAccess.png	O	8fb6e9af5597389e48bce597f54968365a65e991e485adeeb5e2d5cea6bb97e5	archive/classic-ui-images/shop/betaAccess.png	recovered classic /images/ set, 122 files (HUNT-LOG 27)	tests/test_assets.py	—
srv/images/shop/betaAccessBackground.png	O	cf9f22cd159d5c3c9c9090a8df6142da98e132b6afad3b0541fbfc4599272341	archive/classic-ui-images/shop/betaAccessBackground.png	recovered classic /images/ set, 122 files (HUNT-LOG 27)	tests/test_assets.py	—
srv/images/shop/blackZipperHoodie.png	O	f744703debcc1333d79ce397730958830e9b9d8c716f3f9eaa44302f90c9291e	archive/classic-ui-images/shop/blackZipperHoodie.png	recovered classic /images/ set, 122 files (HUNT-LOG 27)	tests/test_assets.py	—
srv/images/shop/marineHoodie.png	O	19c8c2bb40b62c430801c974c8870b028e54100212a88136269fcd3f49655be1	archive/classic-ui-images/shop/marineHoodie.png	recovered classic /images/ set, 122 files (HUNT-LOG 27)	tests/test_assets.py	—
srv/images/shop/mug.png	O	9fc728a4bf48a9f6fb30a32163674fb1d29f71c06dddc45efd720e5864847eca	archive/classic-ui-images/shop/mug.png	recovered classic /images/ set, 122 files (HUNT-LOG 27)	tests/test_assets.py	—
srv/images/shop/mugMugs.png	O	eb4ae96664f848ddcf7bd67a59cc28a4c52f277485256e443ae0ea7d8059d59d	archive/classic-ui-images/shop/mugMugs.png	recovered classic /images/ set, 122 files (HUNT-LOG 27)	tests/test_assets.py	—
srv/images/shopBlackHoodieWithGatlingAndLogoOnBack.jpg	O	3199cb71f733f1d8e22c9166e625fb6e53d6294d188a6bf106ea0aa681aa6265	archive/classic-ui-images/shopBlackHoodieWithGatlingAndLogoOnBack.jpg	recovered classic /images/ set, 122 files (HUNT-LOG 27)	tests/test_assets.py	—
srv/images/shopBlackTShirtWithRedEyeYellowLaikaOnFront.jpg	O	cece1a62dd85e638342fdb50e18c9649712feeb729fae7e821275182538a95ae	archive/classic-ui-images/shopBlackTShirtWithRedEyeYellowLaikaOnFront.jpg	recovered classic /images/ set, 122 files (HUNT-LOG 27)	tests/test_assets.py	—
srv/images/shopOpeningSoon.png	O	47e6bbcbfe5eea9cdeaf49d9035b51390edc7fc89dc625da67c8d09482493c39	archive/classic-ui-images/shopOpeningSoon.png	recovered classic /images/ set, 122 files (HUNT-LOG 27)	tests/test_assets.py	—
srv/images/shopRedTShirtWithGatlingOnFrontAndLogoOnBack.jpg	O	ee3ed46d61404105eddead71dfd868897eecddf166290140b419fa3f47c6adb4	archive/classic-ui-images/shopRedTShirtWithGatlingOnFrontAndLogoOnBack.jpg	recovered classic /images/ set, 122 files (HUNT-LOG 27)	tests/test_assets.py	—
srv/images/shopWhiteTShirtWithRedEyeBlackLaikaOnFront.jpg	O	bb04a30a34b8a635e38468d7955a847b5bb3f984d6f7a3a9754e93409f3fa7d8	archive/classic-ui-images/shopWhiteTShirtWithRedEyeBlackLaikaOnFront.jpg	recovered classic /images/ set, 122 files (HUNT-LOG 27)	tests/test_assets.py	—
srv/images/tab2Select2.jpg	O	25534f51e83d11ca0b9816792b923f4fcff6e1c30431e9d3a4cda3ed7923743d	archive/classic-ui-images/tab2Select2.jpg	recovered classic /images/ set, 122 files (HUNT-LOG 27)	tests/test_assets.py	—
srv/images/tab3Select2.jpg	O	bc96e0e1430f405062b69e61bd1518c4a89b7021dc5f073a3130c14d75f03351	archive/classic-ui-images/tab3Select2.jpg	recovered classic /images/ set, 122 files (HUNT-LOG 27)	tests/test_assets.py	—
srv/images/tab4Select2.jpg	O	9fecf4ba1d33f6f2a9b0347ca8008e2c82443afa76f0c027eb5cb5e6acd0417d	archive/classic-ui-images/tab4Select2.jpg	recovered classic /images/ set, 122 files (HUNT-LOG 27)	tests/test_assets.py	—
srv/images/tab6Select2.jpg	O	ad298858328972d416d56d9fb60cc7f92836e8e0fed6b804243adc8029a6ee17	archive/classic-ui-images/tab6Select2.jpg	recovered classic /images/ set, 122 files (HUNT-LOG 27)	tests/test_assets.py	—
srv/images/tankTroubleLogoLarge.jpg	O	c4e5cb0397ea76001c514717e82284176805bc73ff891013278dfb69e6604ab3	archive/classic-ui-images/tankTroubleLogoLarge.jpg	recovered classic /images/ set, 122 files (HUNT-LOG 27)	tests/test_assets.py	—
srv/images/tankTroubleiOS20.jpg	O	075755da6469172ee3fd202dcff5544e4ab323e07170d69fac5e246faf6d8adc	archive/classic-ui-images/tankTroubleiOS20.jpg	recovered classic /images/ set, 122 files (HUNT-LOG 27)	tests/test_assets.py	—
srv/images/timeMagazine1963Small.png	O	07735886b1f1b372fa55829c5f95feca17cd5ce8e4f13d3e314ef108b66e3d6d	archive/classic-ui-images/timeMagazine1963Small.png	recovered classic /images/ set, 122 files (HUNT-LOG 27)	tests/test_assets.py	—
srv/images/v.jpg	O	00aedd3ba7ba2176d2c97006c76e556850a317e9522e24e1d41990f85921692d	archive/classic-ui-images/v.jpg	recovered classic /images/ set, 122 files (HUNT-LOG 27)	tests/test_assets.py	—
srv/images/x.jpg	O	84a3b299003a65b34f8af06a78e9ee46163c899ab336a2f605cf4df265c3799b	archive/classic-ui-images/x.jpg	recovered classic /images/ set, 122 files (HUNT-LOG 27)	tests/test_assets.py	—
srv/includes/TTTradingCardsSeriesI.pdf	O	f34b3c8a524d8b390cbdd27266ac18f49593a30bb067fb68231bbd826dd08014	archive/includes-tree/20190606_TTTradingCardsSeriesI.pdf	live 2017-2018 per identical (tools/era_choices.tsv; era digests -)	tests/test_assets.py	era method: identical; rejected: includes-tree/20210112_TTTradingCardsSeriesI.pdf
srv/includes/TTTradingCardsSeriesII.pdf	O	ce359095c5b6d95dd5b65de8583ffb676bf61bb2b5b13ed10e4491408c5ca00d	archive/includes-tree/20190606_TTTradingCardsSeriesII.pdf	live 2017-2018 per identical (tools/era_choices.tsv; era digests -)	tests/test_assets.py	era method: identical; rejected: includes-tree/20210112_TTTradingCardsSeriesII.pdf
srv/includes/TTTradingCardsSeriesIII.pdf	O	e608b5bbf42a5bbe0737b4a740f894239e8b1724478f45f220f8a2a72d936bc8	archive/includes-tree/20190606_TTTradingCardsSeriesIII.pdf	live 2017-2018 per identical (tools/era_choices.tsv; era digests -)	tests/test_assets.py	era method: identical; rejected: includes-tree/20210112_TTTradingCardsSeriesIII.pdf
srv/includes/TTTradingCardsSpecialAnniversaryCard.pdf	O	1c919e482e7a0081b08f1a5420067165daf002429d55b2ba53f6e5d847c750d1	archive/includes-tree/20190606_TTTradingCardsSpecialAnniversaryCard.pdf	live 2017-2018 per identical (tools/era_choices.tsv; era digests -)	tests/test_assets.py	era method: identical; rejected: includes-tree/20210112_TTTradingCardsSpecialAnniversaryCard.pdf
srv/includes/TankTrouble_v1.11.swf	known-lost	—	—	CDX rows name the path; bytes never captured	—	CDX name only, no 200 capture
srv/includes/TankTrouble_v1.3.swf	known-lost	—	—	CDX rows name the path; bytes never captured	—	CDX name only, no 200 capture
srv/includes/TankTrouble_v1.31.swf	known-lost	—	—	CDX rows name the path; bytes never captured	—	CDX name only, no 200 capture
srv/includes/TankTrouble_v1.4.swf	known-lost	—	—	CDX rows name the path; bytes never captured	—	CDX name only, no 200 capture
srv/includes/TankTrouble_v2.01.swf	known-lost	—	—	CDX rows name the path; bytes never captured	—	CDX name only, no 200 capture
srv/includes/TankTrouble_v2.1.swf	known-lost	—	—	CDX rows name the path; bytes never captured	—	CDX name only, no 200 capture
srv/includes/TankTrouble_v2.2.swf	known-lost	—	—	CDX rows name the path; bytes never captured	—	CDX name only, no 200 capture
srv/includes/TankTrouble_v3.02a.swf	known-lost	—	—	CDX rows name the path; bytes never captured	—	CDX name only, no 200 capture
srv/includes/TankTrouble_v3.11.swf	known-lost	—	—	CDX rows name the path; bytes never captured	—	CDX name only, no 200 capture
srv/includes/TankTrouble_v3.1a.swf	known-lost	—	—	CDX rows name the path; bytes never captured	—	CDX name only, no 200 capture
srv/includes/TankTrouble_v3.41.swf	known-lost	—	—	CDX rows name the path; bytes never captured	—	CDX name only, no 200 capture
srv/includes/TankTrouble_v3.42.swf	known-lost	—	—	CDX rows name the path; bytes never captured	—	CDX name only, no 200 capture
srv/includes/TankTrouble_v3.43.swf	known-lost	—	—	CDX rows name the path; bytes never captured	—	CDX name only, no 200 capture
srv/includes/TankTrouble_v3.5.swf	known-lost	—	—	CDX rows name the path; bytes never captured	—	CDX name only, no 200 capture; inner SWF exists in held zip - promotion candidate
srv/includes/TankTrouble_v3.5.zip	O	08543e9d762b55e5071aab35cc5ecb3bc9606bc9f000bab55004ccbc05511281	archive/includes-tree/20110520_TankTrouble_v3.5.zip	Wayback capture 2011-05-20; distribution kit, http-observed includes path (HUNT-LOG 46)	tests/test_assets.py	—
srv/includes/TankTrouble_v3.6.swf	known-lost	—	—	CDX rows name the path; bytes never captured	—	CDX name only, no 200 capture; inner SWF exists in held zip - promotion candidate
srv/includes/TankTrouble_v3.6.zip	O	89f3aec2871a525364c7aee19a3466eac9bd5c809b1fd12bf70e16c3a47a8e26	archive/includes-tree/20111011_TankTrouble_v3.6.zip	Wayback capture 2011-10-11; distribution kit	tests/test_assets.py	—
srv/includes/TankTrouble_v3.6a.swf	known-lost	—	—	CDX rows name the path; bytes never captured	—	CDX name only, no 200 capture
srv/includes/TankTrouble_v3.6b.swf	known-lost	—	—	CDX rows name the path; bytes never captured	—	CDX name only, no 200 capture
srv/includes/TankTrouble_v3.6c.swf	O	5be98c220004f9651d4903c01ef99b197d3a41de0952f9d0a611e55f550a6806	archive/includes-tree/20120615_TankTrouble_v3.6c.swf	Wayback capture 2012-06-15	tests/test_assets.py	—
srv/includes/TankTrouble_v3.6e.swf	O?	ee1cc2b6bb637826bf097b508b0fec8b0d89a2345973973429d80d7c4e8c5a00	archive/zip-extracted/20121003_TankTrouble_v3.6e/TankTrouble_v3.6e.swf	authentic bytes extracted from O zip (includes-tree/20121003_TankTrouble_v3.6e.zip); served-path bytes never directly captured	tests/test_assets.py	O? by placement, not by bytes
srv/includes/TankTrouble_v3.6e.zip	O	5ce8dd972d21dd35c2cb82527257d36ff638df99fc66c1b0318a8bd6df9647c0	archive/includes-tree/20121003_TankTrouble_v3.6e.zip	Wayback capture 2012-10-03; distribution kit	tests/test_assets.py	—
srv/includes/TankTrouble_v3.7.swf	known-lost	—	—	CDX rows name the path; bytes never captured	—	CDX name only, no 200 capture
srv/includes/TankTrouble_v3.8c.zip	O	17f1257f05500176b6c9b9f2a63d4f4628fd8802e98777db0250b2753aa691bd	archive/includes-tree/20130818_TankTrouble_v3.8c.zip	Wayback capture 2013-08-18; distribution kit	tests/test_assets.py	—
srv/includes/TankTrouble_v4.0.swf	O	188062aff7f7d969abb7f453f661d68f77d6ad9faf95baeaf8029a882c840a96	archive/includes-tree/20130313_TankTrouble_v4.0.swf	live 2017-2018 per identical+era-confirmed (tools/era_choices.tsv; era digests R43R6IEQZXI664X3XVUWJBK7ZLJHJ7IB)	tests/test_assets.py	era method: identical+era-confirmed; rejected: includes-tree/20201225_TankTrouble_v4.0.swf
srv/includes/TankTrouble_v4.03.swf	O	338f18682243c2dce9856251671625d0c83707195244fae3d03b64749325f43c	archive/includes-tree/20230908_TankTrouble_v4.03.swf	live 2017-2018 per identical (tools/era_choices.tsv; era digests -)	tests/test_assets.py	era method: identical; rejected: classic.tanktrouble.com/includes/TankTrouble_v4.03.swf
srv/includes/achievement.php	M2	—	written 2026-08-02	6 client call sites in decompiled AS2; achievementId/achievementIds/achievementProgress; no response body captured	—	501 stub (milestone 1)
srv/includes/boxStyles.css	O	072f70b9f1c496a862ca811e9894e259c986329fac47e4eeb62f927abedca14d	archive/includes-tree/20201225_boxStyles.css	live 2017-2018 per sha1-digest-match (tools/era_choices.tsv; era digests 4PGIEAHEMWZDIKPJIVTKGGS6TABPIODS;FGNRY2Q6FKLDPPNGHVB7ARQMDBLFSFTI)	tests/test_assets.py	era method: sha1-digest-match; rejected: includes-tree/20130313_boxStyles.css
srv/includes/c64.eot	O	b5dcf64791a29f1466fa552203cc4c402314fd29290a8b9ad7d4d2b2edcb0cc7	archive/includes-tree/20150126_c64.eot	live 2017-2018 per identical+era-confirmed (tools/era_choices.tsv; era digests 6VH67TG2OU5PU6AB5N3Y4NRCYMHKQ7ZY)	tests/test_assets.py	era method: identical+era-confirmed; rejected: includes-tree/20210121_c64.eot
srv/includes/c64.ttf	O	5b6f908e154def99ee0636baa548142c7f0747842a3702d67c7845a375b87f18	archive/includes-tree/20210121_c64.ttf	live 2017-2018 per identical+era-confirmed (tools/era_choices.tsv; era digests HMRAZPPSYFIJXOKDKOOUGRJ7XU3R3QKF)	tests/test_assets.py	era method: identical+era-confirmed; rejected: -
srv/includes/c64.woff	O	08a1731b444929ea04a6056266a3b25f5e553761c05cf568be042eb6da221f66	archive/includes-tree/20150315_c64.woff	live 2017-2018 per identical+era-confirmed (tools/era_choices.tsv; era digests OSKQS2L42JOARMAZNPJMKSH5PGSTRY33)	tests/test_assets.py	era method: identical+era-confirmed; rejected: includes-tree/20201222_c64.woff;includes-tree/20201225_c64.woff
srv/includes/rebuild-db.php	M3	—	written 2026-08-03	none - name invented	tests/test_loadmaze_replay.py	DO NOT PROMOTE; deliberately modern name, guide 10.4 settled (DECISIONS 2026-08-03); verified transitively by gate B
srv/includes/embed.js	O	9fc822c5f7998dcfe704c99a52a3183eee52b1862bde27db20896d1dcdd6c623	archive/includes-tree/20120912_embed.js	Wayback capture 2012-09-12	tests/test_assets.py	—
srv/includes/forumStyles.css	O	59b604e88329a20fc097175ee33852d3a0053c91b27cbc7ef4d498962bd89b0b	archive/includes-tree/20130313_forumStyles.css	live 2017-2018 per identical+era-confirmed (tools/era_choices.tsv; era digests D6HDGOUQJFXIIIG7QQLL6EFVDYCU3WJ4)	tests/test_assets.py	era method: identical+era-confirmed; rejected: includes-tree/20201225_forumStyles.css
srv/includes/getScrapyard.php	M2	—	written 2026-08-02	2 archived request/response pairs (pre-era): ?scraps -> scraps=N (20160126), ?scraps&velocity -> scraps=N&velocity=F (20150928); query keys select fields; state in M3 scrapyard_state table	tests/test_getscrapyard_replay.py	real body 2026-08-03; tier stays M2 (replay evidence is pre-era; era used SAJAX getScraps instead)
srv/includes/getUserAuthentication.php	M3	—	written 2026-08-02	5 client call sites in decompiled AS2; original behaviour unknown; guide 6.4 deliberate divergence implemented 2026-08-03 (POST-only, password_hash, synthetic users only)	tests/test_auth_divergence.py	M3 BY CHOICE - never promote toward the original GET scheme
srv/includes/ima3_preloader_1.5.swf	O	0875a0ca5677d6f9cae715c26b370c6a17f38390ff1973ff21178eb757f7f74c	archive/includes-tree/20161122_ima3_preloader_1.5.swf	Wayback capture 2016-11-22	tests/test_assets.py	—
srv/includes/images/scrapyardPlates.png	known-lost	—	—	obs in CDX, 404 only	—	—
srv/includes/laika02.swf	O	7b2fe955a78e655aaa2d3b2faa214c57fcffe7e5d681ed72c59e37a272017447	archive/includes-tree/20110625_laika02.swf	live 2017-2018 per identical (tools/era_choices.tsv; era digests -)	tests/test_assets.py	era method: identical; rejected: includes-tree/20210113_laika02.swf
srv/includes/loadMaze.php	M1	—	written 2026-08-03	17,411 CDX rows (17,378 decodable q= in cdx-passes/F_loadmaze200.json); 843 decoded responses in archive/maze-corpus/raw/ (corpus filename = Wayback digest12, a capture identity); reader source archive/decompiled/.../MazeDataFetcher.as + frame_1/DoAction.as	tests/test_loadmaze_replay.py	gate B: notFound byte-exact, outer format exact, 672-state content replay (DECISIONS 2026-08-03)
srv/includes/loggedInTank02.swf	known-lost	—	—	CDX rows name the path; bytes never captured	—	—
srv/includes/loggedInTank04.swf	known-lost	—	—	CDX rows name the path; bytes never captured	—	—
srv/includes/loggedInTank06.swf	O	8953d2be0f3325a88f9b04749d8ad50c1e2a9cdeb92e2f7c12dc316fb59ea74f	archive/includes-tree/20191004_loggedInTank06.swf	Wayback capture 2019-10-04	tests/test_assets.py	—
srv/includes/main.css	O	7b507053c4fa7697b7b9cc7b600db914dabdd54fa31b96819ffdc5ccda99ed11	archive/includes-tree/20201222_main.css	live 2017-2018 per single-capture (tools/era_choices.tsv; era digests -)	tests/test_assets.py	era method: single-capture; rejected: -
srv/includes/mazeCreator_v0.2.swf	known-lost	—	—	single CDX sighting 2010-09-08, no 200	—	pre-era
srv/includes/mazeCreator_v0.3.swf	M2	a8457d904b005f10ef55bf4559792b8e2415ba9556daa06e3e38fa759132f4f2	src/mazecreator/ via MTASC 1.14 (build.sh)	THE LOST FILE rebuilt (guide 6.5): contract srv/index.php:3609-3753 (O), wire semantics MazeDataFetcher.as (O), visuals Making a maze.png (M2), constraints corpus 843	tests/test_mazecreator_asset.py	DO NOT PROMOTE - gates: oracle/editor-roundtrip 670/670+normalize, oracle/editor-visual/run_editor.mjs 28/28, sidecar; sha256 = current build (rebuilds change it)
srv/includes/mootools-release-1.11.js	O	c1551ec2adf214a23b928baa807b6b8829975c06095387a198b46bb5e669df7a	archive/includes-tree/20101128_mootools-release-1.11.js	live 2017-2018 per identical+era-confirmed (tools/era_choices.tsv; era digests O7WFBMFXYDTIAMTYCS3MWLXOTLC25T4V)	tests/test_assets.py	era method: identical+era-confirmed; rejected: includes-tree/20201225_mootools-release-1.11.js
srv/includes/news.css	O	8067728e8c39b966d1fb8c06db5935589dd05673e0917494e4ce599ccee5b6d3	archive/includes-tree/20201222_news.css	live 2017-2018 per single-capture (tools/era_choices.tsv; era digests -)	tests/test_assets.py	era method: single-capture; rejected: -
srv/includes/newsStyles.css	O	fa52cfc8f52bc90af4d73ddabe4bc9065a475c3863ebdcec5e9cf39ca5cf6545	archive/includes-tree/20201225_newsStyles.css	live 2017-2018 per sha1-digest-match (tools/era_choices.tsv; era digests GMCVKE5CDMDIGUKVAKDXRMXCDBTI6QQQ;N2ZIS2ILDVQBKA34RMALXQEJGGBZIL6K)	tests/test_assets.py	era method: sha1-digest-match; rejected: includes-tree/20130313_newsStyles.css
srv/includes/p2.js	known-lost	—	—	obs in CDX, never 200	—	may never have existed
srv/includes/phaser.min.js	O	f787c8e955c6ab26580a8cc0bf570cd2c426d95263a27555c6e25cdfaa89408d	archive/includes-tree/20170221_phaser.min.js	live 2017-2018 per identical+era-confirmed (tools/era_choices.tsv; era digests KICWO75VZBJOOTW6CHD7SX6JN7QRBK6R)	tests/test_assets.py	era method: identical+era-confirmed; rejected: includes-tree/20201225_phaser.min.js
srv/includes/saveMaze.php	M3	—	written 2026-08-03	none - name, method and wire format all invented; deduction chain DEDUCE.md 3.3; constraints corpus-measured (guide 6.5)	tests/test_savemaze.py	DO NOT PROMOTE; format mirrors loadMaze q=/r= conventions (DECISIONS 2026-08-03)
srv/includes/scrapyard.js	O	afca00ef1bc6d5763b972ee9f14200f3f4f5bbeda1e0453f201ef734d216ff91	archive/includes-tree/20170221_scrapyard.js	live 2017-2018 per identical+era-confirmed (tools/era_choices.tsv; era digests O3K3GBQMPB4BAZAHD2YC4OZC2IIF4RUS)	tests/test_assets.py	era method: identical+era-confirmed; rejected: includes-tree/20201225_scrapyard.js
srv/includes/scrapyard.swf	known-lost	—	—	CDX rows name the path; bytes never captured	—	—
srv/includes/scrapyard01.swf	known-lost	—	—	CDX rows name the path; bytes never captured	—	—
srv/includes/scrapyard03.swf	known-lost	—	—	CDX rows name the path; bytes never captured	—	—
srv/includes/scrapyard04.swf	known-lost	—	—	CDX rows name the path; bytes never captured	—	—
srv/includes/scrapyard05.swf	known-lost	—	—	CDX rows name the path; bytes never captured	—	—
srv/includes/scrapyard06.swf	O	07effbb34c59b18c40e4de3e16c96846fdac1d1afa442dae7377e02a0cf28419	archive/includes-tree/20120615_scrapyard06.swf	Wayback capture 2012-06-15	tests/test_assets.py	—
srv/includes/scrapyard07.swf	known-lost	—	—	CDX rows name the path; bytes never captured	—	—
srv/includes/scrapyard08.swf	known-lost	—	—	CDX rows name the path; bytes never captured	—	no scrapyard09 row - existence only inferred from gap
srv/includes/scrapyard10.swf	O	705b20410aadc9800ce67e3fdd20928cedd31a27c8610858110d64532d4141d4	archive/includes-tree/20150106_scrapyard10.swf	Wayback capture 2015-01-06	tests/test_assets.py	—
srv/includes/scrapyard11.swf	O	3ae64a3faae72dc6782a45a0efa57506fb3dbe0440fc9688b9bf1cfcbed0007e	archive/includes-tree/20150928_scrapyard11.swf	Wayback capture 2015-09-28	tests/test_assets.py	—
srv/includes/shopStyles.css	O	97fd2e2181f9f32b3ce722349b2934132b1a5ca496eaa3c206ab01c0d5b35be5	archive/includes-tree/20201225_shopStyles.css	live 2017-2018 per sha1-digest-match (tools/era_choices.tsv; era digests EMXT2SOFYHJRHFF4XGKDM26DLGSEUZS4)	tests/test_assets.py	era method: sha1-digest-match; rejected: includes-tree/20150529_shopStyles.css
srv/includes/signUpTankDesign01StandardColours.swf	known-lost	—	—	CDX rows name the path; bytes never captured	—	—
srv/includes/signUpTankDesign04StandardColours.swf	O	5b34381b7bc315f5c76616361a51129270fecf5e862d72660b4cb9ea8064893d	archive/includes-tree/20120601_signUpTankDesign04StandardColours.swf	Wayback capture 2012-06-01 status 200; guide 2.2 never-captured listing is stale (HUNT-LOG 35/37.4: earlier failures were throttling)	tests/test_assets.py	—
srv/includes/signUpTankDesign09StandardColours.swf	known-lost	—	—	CDX rows name the path; bytes never captured	—	—
srv/includes/signUpTankDesign11StandardColours.swf	known-lost	—	—	CDX rows name the path; bytes never captured	—	—
srv/includes/signUpTankDesign13StandardColours.swf	O	3199267a22096cb9aeac28268a49a5fc191f8ac837d9344288c7bc01eee97791	archive/includes-tree/20130409_signUpTankDesign13StandardColours.swf	Wayback capture 2013-04-09	tests/test_assets.py	—
srv/includes/signUpTankDesign16StandardColours.swf	O	7013a54534a8f3783b78edd3150bfb3ed9a77a437a481fe4fca3a8986b6b31d5	archive/includes-tree/20150514_signUpTankDesign16StandardColours.swf	Wayback capture 2015-05-14	tests/test_assets.py	—
srv/includes/signUpTankDesign17StandardColours.swf	O	a1cfead1e431fbb7b21aff6cf0a46a35bdedb261a98e019a20a71b56577999cf	archive/includes-tree/20161002_signUpTankDesign17StandardColours.swf	Wayback capture 2016-10-02	tests/test_assets.py	—
srv/includes/signUpTankDesign18StandardColours.swf	O	b2d6140cd1fd94c020855e085135f6e6c8ea30203c2c1804ad608e0ab42fa90b	archive/includes-tree/20190515_signUpTankDesign18StandardColours.swf	live 2017-2018 per identical (tools/era_choices.tsv; era digests -)	tests/test_assets.py	era method: identical; rejected: includes-tree/20201225_signUpTankDesign18StandardColours.swf
srv/includes/src/p2.js	known-lost	—	—	obs in CDX, never 200	—	may never have existed
srv/includes/styles.css	O	9a214b0479bc89d8e4c1bd39563f570b592278a9fef3a2afcd2bbc33920561a5	archive/includes-tree/20201225_styles.css	live 2017-2018 per sha1-digest-match (tools/era_choices.tsv; era digests B43SSO6LBA7NS5H3X3ZU5T7EUFT7BGWI)	tests/test_assets.py	era method: sha1-digest-match; rejected: includes-tree/20101128_styles.css
srv/includes/swfobject.js	O	a81553776275d87299fd80811f51ac0b0a7ed41b80f8fa59058b5b196ec1e411	archive/includes-tree/20201222_swfobject.js	live 2017-2018 per sha1-digest-match(mid-era-change) (tools/era_choices.tsv; era digests DRIHDH3ZSMN4S2WLG3QZ5H6BIMHTKIAD;FSKBNHLH6XINVYRK5NINCKUX55FVU2A3)	tests/test_assets.py	era method: sha1-digest-match(mid-era-change); rejected: includes-tree/20101128_swfobject.js;includes-tree/20201225_swfobject.js;classic.tanktrouble.com/includes/swfobject.js
srv/includes/updateGameStatistics.php	M2	—	written 2026-08-02	2,305 CDX rows; client call sites in decompiled AS2; no response body captured	—	501 stub (milestone 1)
srv/index.php	M1	—	written 2026-08-02	de-rendered 2026-08-03: era-final capture bytes per route in @O fences (tools/derender.py); SAJAX 0.12 pinned (common JS byte-match vs stock, 4 site debug inserts, uri=/); initCode+tagline behaviour reconstructed; 36 exported functions answer stock -:not-callable (zero era SAJAX bodies archived)	tests/test_render_diff.py	PROMOTED M2->M1 2026-08-03: gate F offline (masks hold on all era captures of 8 routes) + live (7 routes x distinct era hosts vs era-final refs) + fence verifier (11 @O fences byte-exact); per-request regions frozen at era-final bytes (DECISIONS)
srv/infirmary/index.html	O	be5a77ae2a87df8c0152064c48de022a6d5f3c82d68a9a89d3f68928bce44f31	archive/commoncrawl/warc-bodies/20180722_tanktrouble.com_infirmary_.txt	CC body 2018-07-22, raw, no PageSpeed/Wayback artifacts; in-era	tests/test_render_diff.py	filename convention-inferred; leaked TEMPORARY WARP author comment retained verbatim (evidence for sendRequest/changePassword); may be superseded by de-rendered index.php per guide 6.1a - row then demoted to archive-cleaned reference, never edited; gate F bring-up route (2026-08-03), O bytes still hash-locked by gate A
srv/ios/index.php	M2	—	written 2026-08-02	directory /ios/ observed in CDX; index filename convention-inferred	—	501 stub (milestone 1)
srv/like/index.php	M2	—	written 2026-08-02	directory /like/ observed in CDX; index filename convention-inferred	—	501 stub (milestone 1)
srv/logIn.php	known-lost	—	—	http-observed 404 already in 2008	—	name proven, file already gone pre-era
srv/privacy/index.php	M2	—	written 2026-08-02	directory /privacy/ observed in CDX; index filename convention-inferred	—	501 stub (milestone 1)
srv/robots.txt	O	45e1eb769bd38b2c0c95714c5f66bf59aedd379968cd6609513dc409e6583a49	archive/commoncrawl/warc-bodies/20180317214202_200_www.tanktrouble.com_robots.txt.txt	CC capture 2018-03-17 status 200, apex www; in-era	tests/test_assets.py	47 b, Mediapartners-Google body
srv/sendRequest.php	M2	—	written 2026-08-02	inf; named in infirmary page author comment (srv/infirmary/index.html)	—	501 stub (milestone 1)
srv/shop/index.php	M2	—	written 2026-08-02	directory /shop/ observed in CDX; index filename convention-inferred	—	501 stub (milestone 1)
srv/spreadTheWord/index.php	M2	—	written 2026-08-02	directory /spreadTheWord/ observed in CDX; index filename convention-inferred	—	501 stub (milestone 1)
srv/statistics/index.php	M2	—	written 2026-08-02	directory /statistics/ observed in CDX; index filename convention-inferred	—	501 stub (milestone 1)
srv/tankRanks/index.php	M2	—	written 2026-08-03	dir /tankRanks/ 86x200 CDX 2010-2015; era ?lab pages open it via window.open('tankRanks',...) (DEDUCE.md 2.2); index filename convention-inferred	—	501 stub (tree correction, DEDUCE.md)
srv/tellAFriendMail/index.php	M2	—	written 2026-08-02	directory /tellAFriendMail/ observed in CDX; index filename convention-inferred	—	501 stub (milestone 1)
srv/theLabReport/index.php	M2	—	written 2026-08-02	directory /theLabReport/ observed in CDX; index filename convention-inferred	—	dir layout is FLAT (The_Lab_Report_volume_N_issue_M.pdf, CDX-verified); guide 2 vol{1..14} shape wrong; PDFs still-fetchable, deferred
srv/uploadimage.php	M2	—	written 2026-08-02	obs in CDX (2021 capture, post-era); admin news upload	—	501 stub (milestone 1)
srv/images/300000000.jpg	known-lost	—	—	referenced by the era pages; no era CDX row and no held bytes (tools/asset_choices.tsv)	tests/test_subresources.py	referenced by the pages but no era CDX row and no held bytes for /images/300000000.jpg
srv/images/500000001.jpg	known-lost	—	—	referenced by the era pages; no era CDX row and no held bytes (tools/asset_choices.tsv)	tests/test_subresources.py	referenced by the pages but no era CDX row and no held bytes for /images/500000001.jpg
srv/images/999MillionAndCounting.jpg	known-lost	—	—	CDX rows capture the path in 2017-2018; bytes not held (tools/asset_choices.tsv)	tests/test_subresources.py	1 CDX rows in 2017-2018 for /images/999MillionAndCounting.jpg; bytes not held — Wayback refetch target
srv/images/AdventCalendarOverview.jpg	known-lost	—	—	referenced by the era pages; no era CDX row and no held bytes (tools/asset_choices.tsv)	tests/test_subresources.py	referenced by the pages but no era CDX row and no held bytes for /images/AdventCalendarOverview.jpg
srv/images/KickstarterPhysicalRewards.png	known-lost	—	—	CDX rows capture the path in 2017-2018; bytes not held (tools/asset_choices.tsv)	tests/test_subresources.py	1 CDX rows in 2017-2018 for /images/KickstarterPhysicalRewards.png; bytes not held — Wayback refetch target
srv/images/TTTradingCardsSeriesISpread.png	known-lost	—	—	CDX rows capture the path in 2017-2018; bytes not held (tools/asset_choices.tsv)	tests/test_subresources.py	1 CDX rows in 2017-2018 for /images/TTTradingCardsSeriesISpread.png; bytes not held — Wayback refetch target
srv/images/TankTrouble500x60.png	known-lost	—	—	CDX rows capture the path in 2017-2018; bytes not held (tools/asset_choices.tsv)	tests/test_subresources.py	1 CDX rows in 2017-2018 for /images/TankTrouble500x60.png; bytes not held — Wayback refetch target
srv/images/TankTroubleBanner636x75.png	known-lost	—	—	CDX rows capture the path in 2017-2018; bytes not held (tools/asset_choices.tsv)	tests/test_subresources.py	1 CDX rows in 2017-2018 for /images/TankTroubleBanner636x75.png; bytes not held — Wayback refetch target
srv/images/TankTrouble_wallpaper.png	known-lost	—	—	CDX rows capture the path in 2017-2018; bytes not held (tools/asset_choices.tsv)	tests/test_subresources.py	2 CDX rows in 2017-2018 for /images/TankTrouble_wallpaper.png; bytes not held — Wayback refetch target
srv/images/achievementNotificationBox.png	O	645b3f7dde672a004b6edf09058d0002b6abcaa71857dcc593065520f3743e55	archive/flashpoint-gamezip/content/tanktrouble.com/images/achievementNotificationBox.png	live 2017-2018 per era-digest-match (tools/asset_choices.tsv; era digests LQNZIKRSSX74CK2D3WMRQ7NKMKFMOFH6)	tests/test_assets.py	era method: era-digest-match; payload sha1 LQNZIKRSSX74CK2D3WMRQ7NKMKFMOFH6 on 66 CDX rows in 2017-2018 for /images/achievementNotificationBox.png; candidate stored at strong location
srv/images/androidIngame.jpg	known-lost	—	—	referenced by the era pages; no era CDX row and no held bytes (tools/asset_choices.tsv)	tests/test_subresources.py	referenced by the pages but no era CDX row and no held bytes for /images/androidIngame.jpg
srv/images/androidScared.png	known-lost	—	—	referenced by the era pages; no era CDX row and no held bytes (tools/asset_choices.tsv)	tests/test_subresources.py	referenced by the pages but no era CDX row and no held bytes for /images/androidScared.png
srv/images/anniversaryCake.png	known-lost	—	—	referenced by the era pages; no era CDX row and no held bytes (tools/asset_choices.tsv)	tests/test_subresources.py	referenced by the pages but no era CDX row and no held bytes for /images/anniversaryCake.png
srv/images/attentionSign.jpg	O	c6591e5fdb6c4dae4e7910772e008966000c551d444abcbca8b50b2337a63406	archive/flashpoint-gamezip/content/tanktrouble.com/images/attentionSign.jpg	live 2017-2018 per era-digest-match (tools/asset_choices.tsv; era digests XNWI525XJBSEWOFN5DLMBBYH54GDEWX5)	tests/test_assets.py	era method: era-digest-match; payload sha1 XNWI525XJBSEWOFN5DLMBBYH54GDEWX5 on 79 CDX rows in 2017-2018 for /images/attentionSign.jpg; candidate stored at strong location
srv/images/availableOnAppStore.png	known-lost	—	—	referenced by the era pages; no era CDX row and no held bytes (tools/asset_choices.tsv)	tests/test_subresources.py	referenced by the pages but no era CDX row and no held bytes for /images/availableOnAppStore.png
srv/images/availableOnTheAppStore120.jpg	O	75d2b1307ad5ade7b45f67452feec7f3c264762355bbf68a7834527b8a93f953	archive/flashpoint-gamezip/content/tanktrouble.com/images/availableOnTheAppStore120.jpg	live 2017-2018 per era-digest-match (tools/asset_choices.tsv; era digests LD73IILYGP6WMPC2UANEO7AEE3OKDEIS)	tests/test_assets.py	era method: era-digest-match; payload sha1 LD73IILYGP6WMPC2UANEO7AEE3OKDEIS on 77 CDX rows in 2017-2018 for /images/availableOnTheAppStore120.jpg; candidate stored at strong location
srv/images/betaAccessNewsBackground.png	known-lost	—	—	referenced by the era pages; no era CDX row and no held bytes (tools/asset_choices.tsv)	tests/test_subresources.py	referenced by the pages but no era CDX row and no held bytes for /images/betaAccessNewsBackground.png
srv/images/boxChristmasBottom.jpg	O	68f016e9d2cfcfa515d4229215deaad12a39c1472a03755f6a6cac1fbf25bb29	archive/flashpoint-gamezip/content/tanktrouble.com/images/boxChristmasBottom.jpg	live 2017-2018 per era-digest-match (tools/asset_choices.tsv; era digests UNCWMB3ERPTMCJZYDNYJGVDI6OTMJ7NG)	tests/test_assets.py	era method: era-digest-match; payload sha1 UNCWMB3ERPTMCJZYDNYJGVDI6OTMJ7NG on 4 CDX rows in 2017-2018 for /images/boxChristmasBottom.jpg; candidate stored at strong location
srv/images/boxChristmasContent.jpg	O	4f327045cdbf2934e3eb85d05a37274f7481c21d9c8bf8dd5d654511c47a8ea3	archive/flashpoint-gamezip/content/tanktrouble.com/images/boxChristmasContent.jpg	live 2017-2018 per era-digest-match (tools/asset_choices.tsv; era digests I6CQHVGGGC5WGE5U7GBXCXBUWJDISM5A)	tests/test_assets.py	era method: era-digest-match; payload sha1 I6CQHVGGGC5WGE5U7GBXCXBUWJDISM5A on 4 CDX rows in 2017-2018 for /images/boxChristmasContent.jpg; candidate stored at strong location
srv/images/boxChristmasHeader.jpg	O	77f15d0d79b40be20bd3250427cda71880cccfdb429ac5f714f86123ec0aa889	archive/flashpoint-gamezip/content/tanktrouble.com/images/boxChristmasHeader.jpg	live 2017-2018 per era-digest-match (tools/asset_choices.tsv; era digests 2A7ZWADALHLYWBAVDGDAF2ZPAJ4ZD4DF)	tests/test_assets.py	era method: era-digest-match; payload sha1 2A7ZWADALHLYWBAVDGDAF2ZPAJ4ZD4DF on 4 CDX rows in 2017-2018 for /images/boxChristmasHeader.jpg; candidate stored at strong location
srv/images/boxGlitchBottom.jpg	known-lost	—	—	CDX rows capture the path in 2017-2018; bytes not held (tools/asset_choices.tsv)	tests/test_subresources.py	4 CDX rows in 2017-2018 for /images/boxGlitchBottom.jpg; bytes not held — Wayback refetch target
srv/images/boxGlitchContent.jpg	known-lost	—	—	CDX rows capture the path in 2017-2018; bytes not held (tools/asset_choices.tsv)	tests/test_subresources.py	4 CDX rows in 2017-2018 for /images/boxGlitchContent.jpg; bytes not held — Wayback refetch target
srv/images/boxGlitchHeader.jpg	known-lost	—	—	CDX rows capture the path in 2017-2018; bytes not held (tools/asset_choices.tsv)	tests/test_subresources.py	4 CDX rows in 2017-2018 for /images/boxGlitchHeader.jpg; bytes not held — Wayback refetch target
srv/images/boxHalloweenBottom.jpg	known-lost	—	—	era window served 2AIFWHZL5IGTB5OBKVJ6JUGLR22AYH4R; every held copy hashes to another era (tools/asset_choices.tsv)	tests/test_subresources.py	era window served 2AIFWHZL5IGTB5OBKVJ6JUGLR22AYH4R; held bytes are other eras (flashpoint-gamezip/content/tanktrouble.com/images/boxHalloweenBottom.jpg=HL7TKKUFOEHGH27CXI4I5F6GLWGQPWIO) — era file never captured
srv/images/boxHalloweenContent.jpg	known-lost	—	—	era window served UXNAX7GJWGWNKD54TQQ3YIOSQFSBZCFG; every held copy hashes to another era (tools/asset_choices.tsv)	tests/test_subresources.py	era window served UXNAX7GJWGWNKD54TQQ3YIOSQFSBZCFG; held bytes are other eras (flashpoint-gamezip/content/tanktrouble.com/images/boxHalloweenContent.jpg=MYRVT7JJNYIVQRONUZRJWQRKQDNQOI4Q) — era file never captured
srv/images/boxHalloweenHeader.jpg	known-lost	—	—	era window served 4R2XRI7UZ3DDGGFZDLUYWYPS2DLYC7JS; every held copy hashes to another era (tools/asset_choices.tsv)	tests/test_subresources.py	era window served 4R2XRI7UZ3DDGGFZDLUYWYPS2DLYC7JS; held bytes are other eras (flashpoint-gamezip/content/tanktrouble.com/images/boxHalloweenHeader.jpg=M3GSGSEUXTBOSSYDQ7ZLDBYPNBQ6TJ3Y) — era file never captured
srv/images/boxImportantBottom.jpg	O	e540b2991e59bc89924176b4630dbc04bfb4d1ee898244280bf2d8851aa13d08	archive/flashpoint-gamezip/content/tanktrouble.com/images/boxImportantBottom.jpg	live 2017-2018 per era-digest-match (tools/asset_choices.tsv; era digests ZJIGDUGLDRBXLGMADERUOVOS75E37E5D)	tests/test_assets.py	era method: era-digest-match; payload sha1 ZJIGDUGLDRBXLGMADERUOVOS75E37E5D on 13 CDX rows in 2017-2018 for /images/boxImportantBottom.jpg; candidate stored at strong location
srv/images/boxImportantContent.jpg	O	02e1d4a2179499602c547b747bebb793e25005b7fe87b66cc011299e25e16b24	archive/flashpoint-gamezip/content/tanktrouble.com/images/boxImportantContent.jpg	live 2017-2018 per era-digest-match (tools/asset_choices.tsv; era digests UGHXRPOOR3SUKCMMJ4NEK4VS2NAE2HB6)	tests/test_assets.py	era method: era-digest-match; payload sha1 UGHXRPOOR3SUKCMMJ4NEK4VS2NAE2HB6 on 13 CDX rows in 2017-2018 for /images/boxImportantContent.jpg; candidate stored at strong location
srv/images/boxImportantHeader.jpg	O	235675eeecb13eb01dc72c23735a64745d2aeba1d966d864343b62b8753e98a9	archive/flashpoint-gamezip/content/tanktrouble.com/images/boxImportantHeader.jpg	live 2017-2018 per era-digest-match (tools/asset_choices.tsv; era digests 5Y626GUPNW6OXDBAPGK7WTL33HWJHAOO)	tests/test_assets.py	era method: era-digest-match; payload sha1 5Y626GUPNW6OXDBAPGK7WTL33HWJHAOO on 13 CDX rows in 2017-2018 for /images/boxImportantHeader.jpg; candidate stored at strong location
srv/images/boxMobileBottom.jpg	O	5ced949835f75a92d9d8a9abe47d4c02a4eca1c409bbbd9c9987012a37f62668	archive/flashpoint-gamezip/content/tanktrouble.com/images/boxMobileBottom.jpg	live 2017-2018 per era-digest-match (tools/asset_choices.tsv; era digests W6LTWUPMRA4R6EK2IZ4X7OTLX2CMPFGG)	tests/test_assets.py	era method: era-digest-match; payload sha1 W6LTWUPMRA4R6EK2IZ4X7OTLX2CMPFGG on 21 CDX rows in 2017-2018 for /images/boxMobileBottom.jpg; candidate stored at strong location
srv/images/boxMobileContent.jpg	O	b2702e91f350126d93c74952458286a029f6ab69e7e15d0f2f69a28cc84e40aa	archive/flashpoint-gamezip/content/tanktrouble.com/images/boxMobileContent.jpg	live 2017-2018 per era-digest-match (tools/asset_choices.tsv; era digests ECHFOL3CKRQTGHXGCWSMQ56HBGTUO3I3)	tests/test_assets.py	era method: era-digest-match; payload sha1 ECHFOL3CKRQTGHXGCWSMQ56HBGTUO3I3 on 21 CDX rows in 2017-2018 for /images/boxMobileContent.jpg; candidate stored at strong location
srv/images/boxMobileHeader.jpg	O	96202ba76caefdada72b92287a5b6b34187b31850fdbce46718f664c04fda471	archive/flashpoint-gamezip/content/tanktrouble.com/images/boxMobileHeader.jpg	live 2017-2018 per era-digest-match (tools/asset_choices.tsv; era digests 7V3QOA3LJZNSX7R4SM5FPAN2KOCD6LEH)	tests/test_assets.py	era method: era-digest-match; payload sha1 7V3QOA3LJZNSX7R4SM5FPAN2KOCD6LEH on 21 CDX rows in 2017-2018 for /images/boxMobileHeader.jpg; candidate stored at strong location
srv/images/boxSpecialBottom.jpg	O	778fa9dbe9e13bd0ac2dc68bc386ee1618b9b76549f107e4dc780d6ccb677287	archive/flashpoint-gamezip/content/tanktrouble.com/images/boxSpecialBottom.jpg	live 2017-2018 per era-digest-match (tools/asset_choices.tsv; era digests M5NC5OLUTFFIBHZB7VX2MPAMO33XSHC4)	tests/test_assets.py	era method: era-digest-match; payload sha1 M5NC5OLUTFFIBHZB7VX2MPAMO33XSHC4 on 21 CDX rows in 2017-2018 for /images/boxSpecialBottom.jpg; candidate stored at strong location
srv/images/boxSpecialContent.jpg	O	25492b1bd3e61704bffd838b2b409f1857dd1dc0c1a7d7e23ec61c3c0bab7a04	archive/flashpoint-gamezip/content/tanktrouble.com/images/boxSpecialContent.jpg	live 2017-2018 per era-digest-match (tools/asset_choices.tsv; era digests 6BFFI254PGWVYDGWLHZRN4KNVRT736K3)	tests/test_assets.py	era method: era-digest-match; payload sha1 6BFFI254PGWVYDGWLHZRN4KNVRT736K3 on 21 CDX rows in 2017-2018 for /images/boxSpecialContent.jpg; candidate stored at strong location
srv/images/boxSpecialHeader.jpg	O	8db32c96feea2cf74fea74a011e3fbb66e53feb2a465e1b586b48ea53d5919f2	archive/flashpoint-gamezip/content/tanktrouble.com/images/boxSpecialHeader.jpg	live 2017-2018 per era-digest-match (tools/asset_choices.tsv; era digests JNKEW2HKBOAYIBP5HJQYIQ2QJPEXNJTM)	tests/test_assets.py	era method: era-digest-match; payload sha1 JNKEW2HKBOAYIBP5HJQYIQ2QJPEXNJTM on 20 CDX rows in 2017-2018 for /images/boxSpecialHeader.jpg; candidate stored at strong location
srv/images/boxStandardBottom.jpg	O	26db2e66aa9df46eba664da51682b2db67cdefcd37e8c5038086bcf9359800f5	archive/flashpoint-gamezip/content/tanktrouble.com/images/boxStandardBottom.jpg	live 2017-2018 per era-digest-match (tools/asset_choices.tsv; era digests M3CN335LY4O26G4T2RUDTGX7ZMCCSOKD)	tests/test_assets.py	era method: era-digest-match; payload sha1 M3CN335LY4O26G4T2RUDTGX7ZMCCSOKD on 20 CDX rows in 2017-2018 for /images/boxStandardBottom.jpg; candidate stored at strong location
srv/images/boxStandardBottomTab1Selected.jpg	O	7a34a10f222235a1d09c57582315fe81f7bd2f9ac1d520df45db9c82daf2cb91	archive/flashpoint-gamezip/content/tanktrouble.com/images/boxStandardBottomTab1Selected.jpg	live 2017-2018 per era-digest-match (tools/asset_choices.tsv; era digests OYYFL2CKKRAIR5IDD6DX2GXWQXAI42QQ)	tests/test_assets.py	era method: era-digest-match; payload sha1 OYYFL2CKKRAIR5IDD6DX2GXWQXAI42QQ on 21 CDX rows in 2017-2018 for /images/boxStandardBottomTab1Selected.jpg; candidate stored at strong location
srv/images/boxStandardBottomTab2Selected.jpg	O	ef10aa1c59987fe6f230faf6eb8c1d641e5dd98006cdc2c795230c4e81dfd95f	archive/flashpoint-gamezip/content/tanktrouble.com/images/boxStandardBottomTab2Selected.jpg	live 2017-2018 per era-digest-match (tools/asset_choices.tsv; era digests MBNEABB3WFFTV6X62TGS3QUQ7FD3V4JX)	tests/test_assets.py	era method: era-digest-match; payload sha1 MBNEABB3WFFTV6X62TGS3QUQ7FD3V4JX on 5 CDX rows in 2017-2018 for /images/boxStandardBottomTab2Selected.jpg; candidate stored at strong location
srv/images/boxStandardContent.jpg	O	315fd3048f553a77fca2e5a2701435de86e8037f8d831fa15590d6d1af3fc86c	archive/flashpoint-gamezip/content/tanktrouble.com/images/boxStandardContent.jpg	live 2017-2018 per era-digest-match (tools/asset_choices.tsv; era digests BS5ITS4J2S22RBEVN4XMZRGJOF3VVQFV)	tests/test_assets.py	era method: era-digest-match; payload sha1 BS5ITS4J2S22RBEVN4XMZRGJOF3VVQFV on 21 CDX rows in 2017-2018 for /images/boxStandardContent.jpg; candidate stored at strong location
srv/images/boxStandardHeader.jpg	O	23a4b5ec523a6d6f29979b6008dffd83ac79f7d6214c8bbfff3f23f11dd6c3d8	archive/flashpoint-gamezip/content/tanktrouble.com/images/boxStandardHeader.jpg	live 2017-2018 per era-digest-match (tools/asset_choices.tsv; era digests HLZBSNR2I3XEWPUXUNRHT32OIWBG2CGS)	tests/test_assets.py	era method: era-digest-match; payload sha1 HLZBSNR2I3XEWPUXUNRHT32OIWBG2CGS on 20 CDX rows in 2017-2018 for /images/boxStandardHeader.jpg; candidate stored at strong location
srv/images/bubble.png	known-lost	—	—	referenced by the era pages; no era CDX row and no held bytes (tools/asset_choices.tsv)	tests/test_subresources.py	referenced by the pages but no era CDX row and no held bytes for /images/bubble.png
srv/images/bubbleBottom.jpg	O	17e8fb0cbc41f8f165c3564d6b384a6c86bb6ae74cf6664ce28a8f37fb807ae4	archive/flashpoint-gamezip/content/tanktrouble.com/images/bubbleBottom.jpg	live 2017-2018 per era-digest-match (tools/asset_choices.tsv; era digests JDSG332UVMGT6EKWJBKWSF4XGSE6WUP4)	tests/test_assets.py	era method: era-digest-match; payload sha1 JDSG332UVMGT6EKWJBKWSF4XGSE6WUP4 on 4 CDX rows in 2017-2018 for /images/bubbleBottom.jpg; candidate stored at strong location
srv/images/bubbleBottomLeft.jpg	O	128bd4a16fe03dba034c2157e6efa4b72c6303442e14a1158bc64b7beaf8d8ce	archive/flashpoint-gamezip/content/tanktrouble.com/images/bubbleBottomLeft.jpg	live 2017-2018 per era-digest-match (tools/asset_choices.tsv; era digests DXKEIMXN65SRF34JVMGNU3YHLTLZUUWP)	tests/test_assets.py	era method: era-digest-match; payload sha1 DXKEIMXN65SRF34JVMGNU3YHLTLZUUWP on 4 CDX rows in 2017-2018 for /images/bubbleBottomLeft.jpg; candidate stored at strong location
srv/images/bubbleBottomRight.jpg	O	a7133845149ae108bb6977217fa0b87d75dd25807f807994ece9dd0f303fd8fa	archive/flashpoint-gamezip/content/tanktrouble.com/images/bubbleBottomRight.jpg	live 2017-2018 per era-digest-match (tools/asset_choices.tsv; era digests 5TTHIN3NFJTMDDRTVCKMS5SG57AAGVDA)	tests/test_assets.py	era method: era-digest-match; payload sha1 5TTHIN3NFJTMDDRTVCKMS5SG57AAGVDA on 3 CDX rows in 2017-2018 for /images/bubbleBottomRight.jpg; candidate stored at strong location
srv/images/bubbleGrayBottom.jpg	O	7d3f77b7d111cc49ce155e8f7383bcb8752c9cd03a6b765af0b207b8b3257a3b	archive/flashpoint-gamezip/content/tanktrouble.com/images/bubbleGrayBottom.jpg	live 2017-2018 per era-digest-match (tools/asset_choices.tsv; era digests NE4EHKDSDFILIRU6KYPIKJ5C2OIVIS6A)	tests/test_assets.py	era method: era-digest-match; payload sha1 NE4EHKDSDFILIRU6KYPIKJ5C2OIVIS6A on 4 CDX rows in 2017-2018 for /images/bubbleGrayBottom.jpg; candidate stored at strong location
srv/images/bubbleGrayBottomLeft.jpg	O	0c77a4e62b3a4190bd837706be40884aebb743476d447326ef09899199d18789	archive/flashpoint-gamezip/content/tanktrouble.com/images/bubbleGrayBottomLeft.jpg	live 2017-2018 per era-digest-match (tools/asset_choices.tsv; era digests B7ESGHA5R4GPQ5XHT7NWGHFXVFYEC57B)	tests/test_assets.py	era method: era-digest-match; payload sha1 B7ESGHA5R4GPQ5XHT7NWGHFXVFYEC57B on 4 CDX rows in 2017-2018 for /images/bubbleGrayBottomLeft.jpg; candidate stored at strong location
srv/images/bubbleGrayBottomRight.jpg	O	5d92909d04ccb67f9aa870dd2a3f4e2897d83f0540e3fbc2ba22097aa3cf679c	archive/flashpoint-gamezip/content/tanktrouble.com/images/bubbleGrayBottomRight.jpg	live 2017-2018 per era-digest-match (tools/asset_choices.tsv; era digests 5N2ZTJ35Y35XPHFEJRSYY6W2BF5SCEAH)	tests/test_assets.py	era method: era-digest-match; payload sha1 5N2ZTJ35Y35XPHFEJRSYY6W2BF5SCEAH on 4 CDX rows in 2017-2018 for /images/bubbleGrayBottomRight.jpg; candidate stored at strong location
srv/images/bubbleGrayLeft.jpg	O	437f51bdfe0f2cf06ab2be33d8e62864ea2a9b7a5db1530befba7ffee973587d	archive/flashpoint-gamezip/content/tanktrouble.com/images/bubbleGrayLeft.jpg	live 2017-2018 per era-digest-match (tools/asset_choices.tsv; era digests 7IUHNFFL3OEWHGGWWYKUHPJ6QKPT5IHS)	tests/test_assets.py	era method: era-digest-match; payload sha1 7IUHNFFL3OEWHGGWWYKUHPJ6QKPT5IHS on 5 CDX rows in 2017-2018 for /images/bubbleGrayLeft.jpg; candidate stored at strong location
srv/images/bubbleGrayLeftPointer.jpg	O	ba8ef0fa0b0d3403846b1943cc633121e7e97224a3c5e6d739f8af101a1289ee	archive/flashpoint-gamezip/content/tanktrouble.com/images/bubbleGrayLeftPointer.jpg	live 2017-2018 per era-digest-match (tools/asset_choices.tsv; era digests PNJ6NJY22OSKJQAZAFCB5DEYF4JM7XYW)	tests/test_assets.py	era method: era-digest-match; payload sha1 PNJ6NJY22OSKJQAZAFCB5DEYF4JM7XYW on 4 CDX rows in 2017-2018 for /images/bubbleGrayLeftPointer.jpg; candidate stored at strong location
srv/images/bubbleGrayRight.jpg	O	b9132b7092270b6c13a61f30cc26230bd2e3bda99571e14d374b0dfe3104516b	archive/flashpoint-gamezip/content/tanktrouble.com/images/bubbleGrayRight.jpg	live 2017-2018 per era-digest-match (tools/asset_choices.tsv; era digests HMB5ZWK6CVOQSPDHTXWLMZTXRQ45GQUY)	tests/test_assets.py	era method: era-digest-match; payload sha1 HMB5ZWK6CVOQSPDHTXWLMZTXRQ45GQUY on 4 CDX rows in 2017-2018 for /images/bubbleGrayRight.jpg; candidate stored at strong location
srv/images/bubbleGrayRightPointer.jpg	O	82606337c0e823b594bd65a481993a0d09019acb8530a2673ae3ebbfb49c7910	archive/flashpoint-gamezip/content/tanktrouble.com/images/bubbleGrayRightPointer.jpg	live 2017-2018 per era-digest-match (tools/asset_choices.tsv; era digests XIG3RCGJAFDXRRYF4II55DIPFF3UJ7QI)	tests/test_assets.py	era method: era-digest-match; payload sha1 XIG3RCGJAFDXRRYF4II55DIPFF3UJ7QI on 4 CDX rows in 2017-2018 for /images/bubbleGrayRightPointer.jpg; candidate stored at strong location
srv/images/bubbleGrayTop.jpg	O	72383948ef0078d33d614317278380b928e682aaff665c694f7de78141465956	archive/flashpoint-gamezip/content/tanktrouble.com/images/bubbleGrayTop.jpg	live 2017-2018 per era-digest-match (tools/asset_choices.tsv; era digests GAHLPSO5CRJGXL2XFW2DUSMJH67C4Q75)	tests/test_assets.py	era method: era-digest-match; payload sha1 GAHLPSO5CRJGXL2XFW2DUSMJH67C4Q75 on 4 CDX rows in 2017-2018 for /images/bubbleGrayTop.jpg; candidate stored at strong location
srv/images/bubbleGrayTopLeft.jpg	O	5b901329acfea88dea352e53c0827969f27def852b5808a8e01e9713f6bea293	archive/flashpoint-gamezip/content/tanktrouble.com/images/bubbleGrayTopLeft.jpg	live 2017-2018 per era-digest-match (tools/asset_choices.tsv; era digests LB4OHGYGUGNJVAQOQ6OCC3Y5LBCKTNYA)	tests/test_assets.py	era method: era-digest-match; payload sha1 LB4OHGYGUGNJVAQOQ6OCC3Y5LBCKTNYA on 4 CDX rows in 2017-2018 for /images/bubbleGrayTopLeft.jpg; candidate stored at strong location
srv/images/bubbleGrayTopRight.jpg	O	fddf07ca20504716a739dc544ddcd5ab01d827224e8c136f3419adeee6a9fb4f	archive/flashpoint-gamezip/content/tanktrouble.com/images/bubbleGrayTopRight.jpg	live 2017-2018 per era-digest-match (tools/asset_choices.tsv; era digests EK2JDJ4ZT6KI42QY526TZIVUAS6WRLQO)	tests/test_assets.py	era method: era-digest-match; payload sha1 EK2JDJ4ZT6KI42QY526TZIVUAS6WRLQO on 4 CDX rows in 2017-2018 for /images/bubbleGrayTopRight.jpg; candidate stored at strong location
srv/images/bubbleLeft.jpg	O	4f1dfcc76038c0ca451437daee1ef9b013f46395d98cfbe47ae9b0c9a52f858f	archive/flashpoint-gamezip/content/tanktrouble.com/images/bubbleLeft.jpg	live 2017-2018 per era-digest-match (tools/asset_choices.tsv; era digests UBO6EPDGFWM4VU4EFMGFZS6EQV7GKMIG)	tests/test_assets.py	era method: era-digest-match; payload sha1 UBO6EPDGFWM4VU4EFMGFZS6EQV7GKMIG on 4 CDX rows in 2017-2018 for /images/bubbleLeft.jpg; candidate stored at strong location
srv/images/bubbleLeftPointer.jpg	O	f5a6ce2cc411e8031010accd6a359e08c53cf7e1c797596f9c3e3aa8f47b7870	archive/flashpoint-gamezip/content/tanktrouble.com/images/bubbleLeftPointer.jpg	live 2017-2018 per era-digest-match (tools/asset_choices.tsv; era digests QEINTA4KQ3QB3X7G3CIAKTGXYZ4XHJGC)	tests/test_assets.py	era method: era-digest-match; payload sha1 QEINTA4KQ3QB3X7G3CIAKTGXYZ4XHJGC on 4 CDX rows in 2017-2018 for /images/bubbleLeftPointer.jpg; candidate stored at strong location
srv/images/bubbleRight.jpg	O	893c233f0c8c85e345132baaab791579d94dd4bfb73703ee1fe57efc6308c69d	archive/flashpoint-gamezip/content/tanktrouble.com/images/bubbleRight.jpg	live 2017-2018 per era-digest-match (tools/asset_choices.tsv; era digests NURKZRMCDEJ4NUBFLGC4LZMZWA53BJXL)	tests/test_assets.py	era method: era-digest-match; payload sha1 NURKZRMCDEJ4NUBFLGC4LZMZWA53BJXL on 4 CDX rows in 2017-2018 for /images/bubbleRight.jpg; candidate stored at strong location
srv/images/bubbleRightPointer.jpg	O	84dc5b4e63beb5fcce0322b84bf918c52d3d5c9224051593f832076d6d98fedb	archive/flashpoint-gamezip/content/tanktrouble.com/images/bubbleRightPointer.jpg	live 2017-2018 per era-digest-match (tools/asset_choices.tsv; era digests 66JUBJLZJXS2CZQWZYFXHWTXUXPAU7QO)	tests/test_assets.py	era method: era-digest-match; payload sha1 66JUBJLZJXS2CZQWZYFXHWTXUXPAU7QO on 4 CDX rows in 2017-2018 for /images/bubbleRightPointer.jpg; candidate stored at strong location
srv/images/bubbleTop.jpg	O	52a52976e1f938b7f41d156df0338c5ff9f05542958836ab39a8eea2917262da	archive/flashpoint-gamezip/content/tanktrouble.com/images/bubbleTop.jpg	live 2017-2018 per era-digest-match (tools/asset_choices.tsv; era digests QH2KVEPABALDLRAMQULDE7RYS5GMUPNU)	tests/test_assets.py	era method: era-digest-match; payload sha1 QH2KVEPABALDLRAMQULDE7RYS5GMUPNU on 4 CDX rows in 2017-2018 for /images/bubbleTop.jpg; candidate stored at strong location
srv/images/bubbleTopLeft.jpg	O	e1a5bcdcae84b4e1e9d5b643295084aa541e73404b746eba13aa9df06867caae	archive/flashpoint-gamezip/content/tanktrouble.com/images/bubbleTopLeft.jpg	live 2017-2018 per era-digest-match (tools/asset_choices.tsv; era digests A3SEUPXTWHW3DV5774V3HPOEDCBSGBRP)	tests/test_assets.py	era method: era-digest-match; payload sha1 A3SEUPXTWHW3DV5774V3HPOEDCBSGBRP on 4 CDX rows in 2017-2018 for /images/bubbleTopLeft.jpg; candidate stored at strong location
srv/images/bubbleTopRight.jpg	O	e19601b3e488e4e4cd20480e67dbec6f3a08463991e14d2059536e4cea198443	archive/flashpoint-gamezip/content/tanktrouble.com/images/bubbleTopRight.jpg	live 2017-2018 per era-digest-match (tools/asset_choices.tsv; era digests XA5YDGQ2Q3DTNXX4XHEWZRY7N3HJFMYT)	tests/test_assets.py	era method: era-digest-match; payload sha1 XA5YDGQ2Q3DTNXX4XHEWZRY7N3HJFMYT on 4 CDX rows in 2017-2018 for /images/bubbleTopRight.jpg; candidate stored at strong location
srv/images/bubbleYellowBottom.jpg	O	7ab0605bfa48f4e0e381c74eb7e104a3681e57f3122faaefbb26360b8a5cb406	archive/flashpoint-gamezip/content/tanktrouble.com/images/bubbleYellowBottom.jpg	live 2017-2018 per era-digest-match (tools/asset_choices.tsv; era digests 4ZDKONW46RA5MHZFPTTHPIMJKQWKAKKW)	tests/test_assets.py	era method: era-digest-match; payload sha1 4ZDKONW46RA5MHZFPTTHPIMJKQWKAKKW on 4 CDX rows in 2017-2018 for /images/bubbleYellowBottom.jpg; candidate stored at strong location
srv/images/bubbleYellowBottomLeft.jpg	O	796313a000714a2339b21889edde960293b5c0e59b4c9ba564364117b56cc4d5	archive/flashpoint-gamezip/content/tanktrouble.com/images/bubbleYellowBottomLeft.jpg	live 2017-2018 per era-digest-match (tools/asset_choices.tsv; era digests ITEBI4YQDRVOAFFKLOZI7TYEYFXHRNM7)	tests/test_assets.py	era method: era-digest-match; payload sha1 ITEBI4YQDRVOAFFKLOZI7TYEYFXHRNM7 on 4 CDX rows in 2017-2018 for /images/bubbleYellowBottomLeft.jpg; candidate stored at strong location
srv/images/bubbleYellowBottomRight.jpg	O	527f865fb0cdac47ba4d019e60b3fa2d245a076524166e26f4a72137b897e1a1	archive/flashpoint-gamezip/content/tanktrouble.com/images/bubbleYellowBottomRight.jpg	live 2017-2018 per era-digest-match (tools/asset_choices.tsv; era digests IU2JEYZGSMNLLZ25N6OWPRJIULXH7O75)	tests/test_assets.py	era method: era-digest-match; payload sha1 IU2JEYZGSMNLLZ25N6OWPRJIULXH7O75 on 4 CDX rows in 2017-2018 for /images/bubbleYellowBottomRight.jpg; candidate stored at strong location
srv/images/bubbleYellowLeft.jpg	O	709194c3cf2927460f29c2210b9ab83dab32a67119209ca32eb7cfa0bc4a1e5f	archive/flashpoint-gamezip/content/tanktrouble.com/images/bubbleYellowLeft.jpg	live 2017-2018 per era-digest-match (tools/asset_choices.tsv; era digests 4PUQMZ2YRCYLNO3HJ5LIRXHLBCXJDMD7)	tests/test_assets.py	era method: era-digest-match; payload sha1 4PUQMZ2YRCYLNO3HJ5LIRXHLBCXJDMD7 on 4 CDX rows in 2017-2018 for /images/bubbleYellowLeft.jpg; candidate stored at strong location
srv/images/bubbleYellowLeftPointer.jpg	O	7741efeffd412b6998d2ce42d293d0af75c0c843da308edfe2629d5a7f1bbb0b	archive/flashpoint-gamezip/content/tanktrouble.com/images/bubbleYellowLeftPointer.jpg	live 2017-2018 per era-digest-match (tools/asset_choices.tsv; era digests JVYVT54QQAX63DFJOBJ6JRD6YWCAMVKE)	tests/test_assets.py	era method: era-digest-match; payload sha1 JVYVT54QQAX63DFJOBJ6JRD6YWCAMVKE on 3 CDX rows in 2017-2018 for /images/bubbleYellowLeftPointer.jpg; candidate stored at strong location
srv/images/bubbleYellowRight.jpg	O	894035d2895ae95fbaf132e2b615e9c02a482cf1a7f2122f8ec4739b1b2d0694	archive/flashpoint-gamezip/content/tanktrouble.com/images/bubbleYellowRight.jpg	live 2017-2018 per era-digest-match (tools/asset_choices.tsv; era digests FKXCAKM2BPTLKSHY4OHPMKWDOWQUFVDJ)	tests/test_assets.py	era method: era-digest-match; payload sha1 FKXCAKM2BPTLKSHY4OHPMKWDOWQUFVDJ on 4 CDX rows in 2017-2018 for /images/bubbleYellowRight.jpg; candidate stored at strong location
srv/images/bubbleYellowRightPointer.jpg	O	8413080673902282a453476a6899aea50ce1ced8144d507141cd3699a912ec58	archive/flashpoint-gamezip/content/tanktrouble.com/images/bubbleYellowRightPointer.jpg	live 2017-2018 per era-digest-match (tools/asset_choices.tsv; era digests 2U7W3FKPROSPGDBTKWNKFS5GRA4W5APL)	tests/test_assets.py	era method: era-digest-match; payload sha1 2U7W3FKPROSPGDBTKWNKFS5GRA4W5APL on 4 CDX rows in 2017-2018 for /images/bubbleYellowRightPointer.jpg; candidate stored at strong location
srv/images/bubbleYellowTop.jpg	O	734c5da200b66f790bd3c433ef3d6fdbe05ffdc1b016a1a05419cb123045cdc8	archive/flashpoint-gamezip/content/tanktrouble.com/images/bubbleYellowTop.jpg	live 2017-2018 per era-digest-match (tools/asset_choices.tsv; era digests KRMSWPZDSZYVRQAQWAMOTZTASYC773NS)	tests/test_assets.py	era method: era-digest-match; payload sha1 KRMSWPZDSZYVRQAQWAMOTZTASYC773NS on 4 CDX rows in 2017-2018 for /images/bubbleYellowTop.jpg; candidate stored at strong location
srv/images/bubbleYellowTopLeft.jpg	O	0fefbc1797da9c9dc50e0c074d334dd4d17a9f642401d84a1e654a346e5e363e	archive/flashpoint-gamezip/content/tanktrouble.com/images/bubbleYellowTopLeft.jpg	live 2017-2018 per era-digest-match (tools/asset_choices.tsv; era digests VMEDDJBWMSKVDYXRN2Z6VIXHFIFDUDF2)	tests/test_assets.py	era method: era-digest-match; payload sha1 VMEDDJBWMSKVDYXRN2Z6VIXHFIFDUDF2 on 4 CDX rows in 2017-2018 for /images/bubbleYellowTopLeft.jpg; candidate stored at strong location
srv/images/bubbleYellowTopRight.jpg	O	ce2d828f4d71e6a68e0feae78a8ce8563cab4e22c6b8531c2814ef9526a02b15	archive/flashpoint-gamezip/content/tanktrouble.com/images/bubbleYellowTopRight.jpg	live 2017-2018 per era-digest-match (tools/asset_choices.tsv; era digests JLYA654NDHLDZQNHXX2XMX37VBAFH7FS)	tests/test_assets.py	era method: era-digest-match; payload sha1 JLYA654NDHLDZQNHXX2XMX37VBAFH7FS on 4 CDX rows in 2017-2018 for /images/bubbleYellowTopRight.jpg; candidate stored at strong location
srv/images/busyMaze.png	known-lost	—	—	referenced by the era pages; no era CDX row and no held bytes (tools/asset_choices.tsv)	tests/test_subresources.py	referenced by the pages but no era CDX row and no held bytes for /images/busyMaze.png
srv/images/changeEmailInstructions.png	known-lost	—	—	CDX rows capture the path in 2017-2018; bytes not held (tools/asset_choices.tsv)	tests/test_subresources.py	1 CDX rows in 2017-2018 for /images/changeEmailInstructions.png; bytes not held — Wayback refetch target
srv/images/christmasDisplay.png	known-lost	—	—	referenced by the era pages; no era CDX row and no held bytes (tools/asset_choices.tsv)	tests/test_subresources.py	referenced by the pages but no era CDX row and no held bytes for /images/christmasDisplay.png
srv/images/christmasPresent18.png	known-lost	—	—	CDX rows capture the path in 2017-2018; bytes not held (tools/asset_choices.tsv)	tests/test_subresources.py	1 CDX rows in 2017-2018 for /images/christmasPresent18.png; bytes not held — Wayback refetch target
srv/images/christmasPresentOpen.jpg	known-lost	—	—	referenced by the era pages; no era CDX row and no held bytes (tools/asset_choices.tsv)	tests/test_subresources.py	referenced by the pages but no era CDX row and no held bytes for /images/christmasPresentOpen.jpg
srv/images/crateSpawnToolDeselect.jpg	known-lost	—	—	referenced by the era pages; no era CDX row and no held bytes (tools/asset_choices.tsv)	tests/test_subresources.py	referenced by the pages but no era CDX row and no held bytes for /images/crateSpawnToolDeselect.jpg
srv/images/crateSpawnToolSelect.jpg	known-lost	—	—	referenced by the era pages; no era CDX row and no held bytes (tools/asset_choices.tsv)	tests/test_subresources.py	referenced by the pages but no era CDX row and no held bytes for /images/crateSpawnToolSelect.jpg
srv/images/cross.jpg	known-lost	—	—	referenced by the era pages; no era CDX row and no held bytes (tools/asset_choices.tsv)	tests/test_subresources.py	referenced by the pages but no era CDX row and no held bytes for /images/cross.jpg
srv/images/dimitrisDeathRay.jpg	known-lost	—	—	referenced by the era pages; no era CDX row and no held bytes (tools/asset_choices.tsv)	tests/test_subresources.py	referenced by the pages but no era CDX row and no held bytes for /images/dimitrisDeathRay.jpg
srv/images/dimitrisEmporium.png	known-lost	—	—	no era CDX row and no copy at the served path (tools/asset_choices.tsv)	tests/test_subresources.py	no era CDX row and no copy at the served path; basename matches elsewhere in the archive (ia-items/extracted/images/DimitrisEmporium.png; wiki-dumps/tt-game-wiki/images/DimitrisEmporium.png) are unproven — adjudicate by eye before any promotion
srv/images/envelope.jpg	O	ea7237a1648262c79c81262d1d2115981f62de75157a552b2821b7309edfee47	archive/flashpoint-gamezip/content/tanktrouble.com/images/envelope.jpg	live 2017-2018 per era-digest-match (tools/asset_choices.tsv; era digests O45CXQBHNZMSMEW3PXX6QEHKRXLR3D6W)	tests/test_assets.py	era method: era-digest-match; payload sha1 O45CXQBHNZMSMEW3PXX6QEHKRXLR3D6W on 78 CDX rows in 2017-2018 for /images/envelope.jpg; candidate stored at strong location
srv/images/facebookTankTroubleLogo.jpg	known-lost	—	—	referenced by the era pages; no era CDX row and no held bytes (tools/asset_choices.tsv)	tests/test_subresources.py	referenced by the pages but no era CDX row and no held bytes for /images/facebookTankTroubleLogo.jpg
srv/images/formV.jpg	known-lost	—	—	referenced by the era pages; no era CDX row and no held bytes (tools/asset_choices.tsv)	tests/test_subresources.py	referenced by the pages but no era CDX row and no held bytes for /images/formV.jpg
srv/images/fourCrates.jpg	known-lost	—	—	referenced by the era pages; no era CDX row and no held bytes (tools/asset_choices.tsv)	tests/test_subresources.py	referenced by the pages but no era CDX row and no held bytes for /images/fourCrates.jpg
srv/images/getItOnGooglePlay.png	known-lost	—	—	CDX rows capture the path in 2017-2018; bytes not held (tools/asset_choices.tsv)	tests/test_subresources.py	80 CDX rows in 2017-2018 for /images/getItOnGooglePlay.png; bytes not held — Wayback refetch target
srv/images/greetingsFromTheBahamas.png	known-lost	—	—	referenced by the era pages; no era CDX row and no held bytes (tools/asset_choices.tsv)	tests/test_subresources.py	referenced by the pages but no era CDX row and no held bytes for /images/greetingsFromTheBahamas.png
srv/images/halloweenSwag.png	known-lost	—	—	referenced by the era pages; no era CDX row and no held bytes (tools/asset_choices.tsv)	tests/test_subresources.py	referenced by the pages but no era CDX row and no held bytes for /images/halloweenSwag.png
srv/images/hazmatSuit.png	known-lost	—	—	CDX rows capture the path in 2017-2018; bytes not held (tools/asset_choices.tsv)	tests/test_subresources.py	1 CDX rows in 2017-2018 for /images/hazmatSuit.png; bytes not held — Wayback refetch target
srv/images/hoodies.png	known-lost	—	—	referenced by the era pages; no era CDX row and no held bytes (tools/asset_choices.tsv)	tests/test_subresources.py	referenced by the pages but no era CDX row and no held bytes for /images/hoodies.png
srv/images/iPhone1.0.0.jpg	known-lost	—	—	referenced by the era pages; no era CDX row and no held bytes (tools/asset_choices.tsv)	tests/test_subresources.py	referenced by the pages but no era CDX row and no held bytes for /images/iPhone1.0.0.jpg
srv/images/jack-o-LanternOpen.png	known-lost	—	—	referenced by the era pages; no era CDX row and no held bytes (tools/asset_choices.tsv)	tests/test_subresources.py	referenced by the pages but no era CDX row and no held bytes for /images/jack-o-LanternOpen.png
srv/images/kickstarterCrates554x227.png	known-lost	—	—	referenced by the era pages; no era CDX row and no held bytes (tools/asset_choices.tsv)	tests/test_subresources.py	referenced by the pages but no era CDX row and no held bytes for /images/kickstarterCrates554x227.png
srv/images/kickstarterRewards.png	known-lost	—	—	CDX rows capture the path in 2017-2018; bytes not held (tools/asset_choices.tsv)	tests/test_subresources.py	1 CDX rows in 2017-2018 for /images/kickstarterRewards.png; bytes not held — Wayback refetch target
srv/images/laika.jpg	known-lost	—	—	referenced by the era pages; no era CDX row and no held bytes (tools/asset_choices.tsv)	tests/test_subresources.py	referenced by the pages but no era CDX row and no held bytes for /images/laika.jpg
srv/images/laikaSmall.jpg	known-lost	—	—	no era CDX row and no copy at the served path (tools/asset_choices.tsv)	tests/test_subresources.py	no era CDX row and no copy at the served path; basename matches elsewhere in the archive (ia-items/extracted/images/LaikaSmall.jpg; wiki-dumps/tt-game-wiki/images/LaikaSmall.jpg) are unproven — adjudicate by eye before any promotion
srv/images/logInToGetStarted.gif	O	7678260cd749c2fce1cb0c6f0213b2df39643620f5cf37e15ed79f66cc7482e8	archive/flashpoint-gamezip/content/tanktrouble.com/images/logInToGetStarted.gif	live 2017-2018 per era-digest-match (tools/asset_choices.tsv; era digests 3XXFLEMFGZYT7YXB5B43R5TUD5RQPVD6)	tests/test_assets.py	era method: era-digest-match; payload sha1 3XXFLEMFGZYT7YXB5B43R5TUD5RQPVD6 on 79 CDX rows in 2017-2018 for /images/logInToGetStarted.gif; candidate stored at strong location
srv/images/maze.jpg	known-lost	—	—	referenced by the era pages; no era CDX row and no held bytes (tools/asset_choices.tsv)	tests/test_subresources.py	referenced by the pages but no era CDX row and no held bytes for /images/maze.jpg
srv/images/mazeConstructToolDeselect.jpg	known-lost	—	—	referenced by the era pages; no era CDX row and no held bytes (tools/asset_choices.tsv)	tests/test_subresources.py	referenced by the pages but no era CDX row and no held bytes for /images/mazeConstructToolDeselect.jpg
srv/images/mazeConstructToolSelect.jpg	known-lost	—	—	referenced by the era pages; no era CDX row and no held bytes (tools/asset_choices.tsv)	tests/test_subresources.py	referenced by the pages but no era CDX row and no held bytes for /images/mazeConstructToolSelect.jpg
srv/images/menuBackground.jpg	known-lost	—	—	era window served 4IW4FYJLD4JDXRD3ZGKTDDASBR2FRJEL;FMQOCVIZ6MTJLCBYGJZEW7MMVCIZO2W2;FV6GHYTV3E3BCVH5ICNQE27U2BLNSJ4Q;PFDKANWAU7NM7BCALACOWES4EORYXLFM; every held copy hashes to another era (tools/asset_choices.tsv)	tests/test_subresources.py	era window served 4IW4FYJLD4JDXRD3ZGKTDDASBR2FRJEL/FMQOCVIZ6MTJLCBYGJZEW7MMVCIZO2W2/FV6GHYTV3E3BCVH5ICNQE27U2BLNSJ4Q/PFDKANWAU7NM7BCALACOWES4EORYXLFM; held bytes are other eras (flashpoint-gamezip/content/tanktrouble.com/images/menuBackground.jpg=UWJWLWANNYT4JMMKYB7D2ZLHPC3PPEMV) — era file never captured
srv/images/menuDeselectToDeselect.jpg	known-lost	—	—	era window served BSKKQ75HRFA7MIRVCQ44WSYWVCVXV6HM;Q5RHVE2YDENO4AMWNXCIYKTVLWRAXGPX;SLIYFNUSCZSKOTK4DJK55GGZO4T3OPGJ;USL3LSRIM46CTF2A2RGP4YDI27WEIVBQ; every held copy hashes to another era (tools/asset_choices.tsv)	tests/test_subresources.py	era window served BSKKQ75HRFA7MIRVCQ44WSYWVCVXV6HM/Q5RHVE2YDENO4AMWNXCIYKTVLWRAXGPX/SLIYFNUSCZSKOTK4DJK55GGZO4T3OPGJ/USL3LSRIM46CTF2A2RGP4YDI27WEIVBQ; held bytes are other eras (flashpoint-gamezip/content/tanktrouble.com/images/menuDeselectToDeselect.jpg=CPHFITOEYLN63U2EIA6H3V7YM4T6CPJB) — era file never captured
srv/images/menuDeselectToSelect.jpg	known-lost	—	—	CDX rows capture the path in 2017-2018; bytes not held (tools/asset_choices.tsv)	tests/test_subresources.py	3 CDX rows in 2017-2018 for /images/menuDeselectToSelect.jpg; bytes not held — Wayback refetch target
srv/images/menuEndDeselect.jpg	known-lost	—	—	era window served 5DG2RFKZN7NHTPZVX74KGQRQZQ7JJ4L5;6WBV7AQ63CN6QJEXTBBV73ZQEISU2NO2;DGU6CBQK5D5K57MTXB5VGC4K4XPDEDTF;HRYSQ6RKADFVHYJCD2K7J36YPIYP346D; every held copy hashes to another era (tools/asset_choices.tsv)	tests/test_subresources.py	era window served 5DG2RFKZN7NHTPZVX74KGQRQZQ7JJ4L5/6WBV7AQ63CN6QJEXTBBV73ZQEISU2NO2/DGU6CBQK5D5K57MTXB5VGC4K4XPDEDTF/HRYSQ6RKADFVHYJCD2K7J36YPIYP346D; held bytes are other eras (flashpoint-gamezip/content/tanktrouble.com/images/menuEndDeselect.jpg=4G22HL6ISEUYUUVR5SLLPZ6QOEQKDGTG) — era file never captured
srv/images/menuEndSelect.jpg	known-lost	—	—	CDX rows capture the path in 2017-2018; bytes not held (tools/asset_choices.tsv)	tests/test_subresources.py	1 CDX rows in 2017-2018 for /images/menuEndSelect.jpg; bytes not held — Wayback refetch target
srv/images/menuSelectToDeselect.jpg	known-lost	—	—	era window served 64GREBVVWT7OH3KITDTARCV53OFENGBB;DQG7KVBSMMU4YP7GNMWBJGS7HMEWOIMG;M35IPJQT3GI2EVWZ3EMOANVEGOQLJ2ND;V4G4FBETDYRNH4XVZEXR4HMCCW6UE4ZL; every held copy hashes to another era (tools/asset_choices.tsv)	tests/test_subresources.py	era window served 64GREBVVWT7OH3KITDTARCV53OFENGBB/DQG7KVBSMMU4YP7GNMWBJGS7HMEWOIMG/M35IPJQT3GI2EVWZ3EMOANVEGOQLJ2ND/V4G4FBETDYRNH4XVZEXR4HMCCW6UE4ZL; held bytes are other eras (flashpoint-gamezip/content/tanktrouble.com/images/menuSelectToDeselect.jpg=RRPT3FD36JR7JZEFPO3LBQ4VDMREEZNJ) — era file never captured
srv/images/menuStartDeselect.jpg	known-lost	—	—	CDX rows capture the path in 2017-2018; bytes not held (tools/asset_choices.tsv)	tests/test_subresources.py	3 CDX rows in 2017-2018 for /images/menuStartDeselect.jpg; bytes not held — Wayback refetch target
srv/images/menuStartSelect.jpg	known-lost	—	—	era window served 2IDLAQ44PW4YQSDQSUWFIAT45GRWIS2R;HH6B75354TOPBMQKRQL5DR5CSBVHY6XC;NXC4MAGNEF5OPUSOK6NWTYQX4XXQWH5E;VRAWJ4ETJPANVGLYWORW3GPT6E4HLARU; every held copy hashes to another era (tools/asset_choices.tsv)	tests/test_subresources.py	era window served 2IDLAQ44PW4YQSDQSUWFIAT45GRWIS2R/HH6B75354TOPBMQKRQL5DR5CSBVHY6XC/NXC4MAGNEF5OPUSOK6NWTYQX4XXQWH5E/VRAWJ4ETJPANVGLYWORW3GPT6E4HLARU; held bytes are other eras (flashpoint-gamezip/content/tanktrouble.com/images/menuStartSelect.jpg=JVCPOCZB53JF6L2NVMNWEYPGRNUHJ5RB) — era file never captured
srv/images/mouseControl.jpg	known-lost	—	—	referenced by the era pages; no era CDX row and no held bytes (tools/asset_choices.tsv)	tests/test_subresources.py	referenced by the pages but no era CDX row and no held bytes for /images/mouseControl.jpg
srv/images/newStamp.png	known-lost	—	—	referenced by the era pages; no era CDX row and no held bytes (tools/asset_choices.tsv)	tests/test_subresources.py	referenced by the pages but no era CDX row and no held bytes for /images/newStamp.png
srv/images/newsAttentionBottom.jpg	O	91aa7b25468e117f896850ce445af1b9006728216bd456112256d6a49eb69331	archive/flashpoint-gamezip/content/tanktrouble.com/images/newsAttentionBottom.jpg	live 2017-2018 per era-digest-match (tools/asset_choices.tsv; era digests RJ3VHL222B4HKQO56H5I6EZNS5C4DMZZ)	tests/test_assets.py	era method: era-digest-match; payload sha1 RJ3VHL222B4HKQO56H5I6EZNS5C4DMZZ on 4 CDX rows in 2017-2018 for /images/newsAttentionBottom.jpg; candidate stored at strong location
srv/images/newsAttentionContent.jpg	O	94e0844aac32e285f1c6b95830e2c30f0e4c7c61fc1f84fbd6b85870e915537b	archive/flashpoint-gamezip/content/tanktrouble.com/images/newsAttentionContent.jpg	live 2017-2018 per era-digest-match (tools/asset_choices.tsv; era digests GXF6QAXH3N3YCMOUS5TSIGWZ6P4T54SI)	tests/test_assets.py	era method: era-digest-match; payload sha1 GXF6QAXH3N3YCMOUS5TSIGWZ6P4T54SI on 4 CDX rows in 2017-2018 for /images/newsAttentionContent.jpg; candidate stored at strong location
srv/images/newsAttentionHeader.jpg	O	909ad6456fa83c0e76e8973a42005c07cc36ea998ff88b5fde1ba09fcf8bfc1d	archive/flashpoint-gamezip/content/tanktrouble.com/images/newsAttentionHeader.jpg	live 2017-2018 per era-digest-match (tools/asset_choices.tsv; era digests XJSUUU5Q4L4HYL7LJPAZJHHTGWH43GR3)	tests/test_assets.py	era method: era-digest-match; payload sha1 XJSUUU5Q4L4HYL7LJPAZJHHTGWH43GR3 on 4 CDX rows in 2017-2018 for /images/newsAttentionHeader.jpg; candidate stored at strong location
srv/images/newsAttentionHeaderNews4.png	known-lost	—	—	CDX rows capture the path in 2017-2018; bytes not held (tools/asset_choices.tsv)	tests/test_subresources.py	4 CDX rows in 2017-2018 for /images/newsAttentionHeaderNews4.png; bytes not held — Wayback refetch target
srv/images/newsChristmasBottom.jpg	O	8d049e20a16d1f6c4587532f313ae4a4885ce9306031f69c294de7120172a3da	archive/flashpoint-gamezip/content/tanktrouble.com/images/newsChristmasBottom.jpg	live 2017-2018 per era-digest-match (tools/asset_choices.tsv; era digests 6G3YOLJ5LXHZBO6D5VBLTVVGS2J2BLXH)	tests/test_assets.py	era method: era-digest-match; payload sha1 6G3YOLJ5LXHZBO6D5VBLTVVGS2J2BLXH on 4 CDX rows in 2017-2018 for /images/newsChristmasBottom.jpg; candidate stored at strong location
srv/images/newsChristmasContent.jpg	O	2fb4f66ba504c587f09ad4fe579a63a53d01b09da5b83a2642d72b553e3e364c	archive/flashpoint-gamezip/content/tanktrouble.com/images/newsChristmasContent.jpg	live 2017-2018 per era-digest-match (tools/asset_choices.tsv; era digests BD44YWHGWP6DGH4T7RPPBRJLCOWHILC3)	tests/test_assets.py	era method: era-digest-match; payload sha1 BD44YWHGWP6DGH4T7RPPBRJLCOWHILC3 on 4 CDX rows in 2017-2018 for /images/newsChristmasContent.jpg; candidate stored at strong location
srv/images/newsChristmasHeader.jpg	O	8c799dc5887b90ef635d7af7a37774bf818678d316ec2a2bbcd801ecc294ab6a	archive/flashpoint-gamezip/content/tanktrouble.com/images/newsChristmasHeader.jpg	live 2017-2018 per era-digest-match (tools/asset_choices.tsv; era digests EN25ZHG4Y5QRGRW43XLVLZ7GZ7LTARAZ)	tests/test_assets.py	era method: era-digest-match; payload sha1 EN25ZHG4Y5QRGRW43XLVLZ7GZ7LTARAZ on 4 CDX rows in 2017-2018 for /images/newsChristmasHeader.jpg; candidate stored at strong location
srv/images/newsChristmasHeaderNews4.png	known-lost	—	—	CDX rows capture the path in 2017-2018; bytes not held (tools/asset_choices.tsv)	tests/test_subresources.py	5 CDX rows in 2017-2018 for /images/newsChristmasHeaderNews4.png; bytes not held — Wayback refetch target
srv/images/newsFacebookBottom.jpg	O	a9b94c785d349400d5f49422b36b55302e10c78d17cffd8daf3e4fca1a4fe10f	archive/flashpoint-gamezip/content/tanktrouble.com/images/newsFacebookBottom.jpg	live 2017-2018 per era-digest-match (tools/asset_choices.tsv; era digests USRXPZWXMNEMG7FM3CSRHKJXO2CUNOQB)	tests/test_assets.py	era method: era-digest-match; payload sha1 USRXPZWXMNEMG7FM3CSRHKJXO2CUNOQB on 4 CDX rows in 2017-2018 for /images/newsFacebookBottom.jpg; candidate stored at strong location
srv/images/newsFacebookContent.jpg	O	17da3f6d390f532da746c0828913c7b34326a92da87ed375ff524dedcca7b582	archive/flashpoint-gamezip/content/tanktrouble.com/images/newsFacebookContent.jpg	live 2017-2018 per era-digest-match (tools/asset_choices.tsv; era digests T3BJRZN6M6Z6KAGCJ3G3DALZDFKBQWIJ)	tests/test_assets.py	era method: era-digest-match; payload sha1 T3BJRZN6M6Z6KAGCJ3G3DALZDFKBQWIJ on 5 CDX rows in 2017-2018 for /images/newsFacebookContent.jpg; candidate stored at strong location
srv/images/newsFacebookHeader.jpg	O	263a11e1f845581f64005b482c2687c6c46f40d8ae9510cb5d12eacc344a9273	archive/flashpoint-gamezip/content/tanktrouble.com/images/newsFacebookHeader.jpg	live 2017-2018 per era-digest-match (tools/asset_choices.tsv; era digests F7DXR5BTMZGG2WXA6O5JHJL3537REOY6)	tests/test_assets.py	era method: era-digest-match; payload sha1 F7DXR5BTMZGG2WXA6O5JHJL3537REOY6 on 4 CDX rows in 2017-2018 for /images/newsFacebookHeader.jpg; candidate stored at strong location
srv/images/newsGlitchBottom.jpg	known-lost	—	—	CDX rows capture the path in 2017-2018; bytes not held (tools/asset_choices.tsv)	tests/test_subresources.py	4 CDX rows in 2017-2018 for /images/newsGlitchBottom.jpg; bytes not held — Wayback refetch target
srv/images/newsGlitchContent.jpg	known-lost	—	—	CDX rows capture the path in 2017-2018; bytes not held (tools/asset_choices.tsv)	tests/test_subresources.py	4 CDX rows in 2017-2018 for /images/newsGlitchContent.jpg; bytes not held — Wayback refetch target
srv/images/newsGlitchHeader.jpg	known-lost	—	—	CDX rows capture the path in 2017-2018; bytes not held (tools/asset_choices.tsv)	tests/test_subresources.py	5 CDX rows in 2017-2018 for /images/newsGlitchHeader.jpg; bytes not held — Wayback refetch target
srv/images/newsHalloweenBottom.jpg	known-lost	—	—	era window served 3PZEHHWV7PQQQ45FJEGYP4WP53I3KVLM; every held copy hashes to another era (tools/asset_choices.tsv)	tests/test_subresources.py	era window served 3PZEHHWV7PQQQ45FJEGYP4WP53I3KVLM; held bytes are other eras (flashpoint-gamezip/content/tanktrouble.com/images/newsHalloweenBottom.jpg=DHNOD5436RGVSLSDEXA7WIRWRUNJMCCQ) — era file never captured
srv/images/newsHalloweenContent.jpg	known-lost	—	—	era window served LRXLAQ6D4234NDUIBSANOEVQZ7AY4BB7; every held copy hashes to another era (tools/asset_choices.tsv)	tests/test_subresources.py	era window served LRXLAQ6D4234NDUIBSANOEVQZ7AY4BB7; held bytes are other eras (flashpoint-gamezip/content/tanktrouble.com/images/newsHalloweenContent.jpg=CQXEKCVEVECCEE6DNYDJQQOH2JCOUEXH) — era file never captured
srv/images/newsHalloweenHeader.jpg	known-lost	—	—	era window served HAIKYAENR3PIWTVR5M6GHZELWFP3NJHW; every held copy hashes to another era (tools/asset_choices.tsv)	tests/test_subresources.py	era window served HAIKYAENR3PIWTVR5M6GHZELWFP3NJHW; held bytes are other eras (flashpoint-gamezip/content/tanktrouble.com/images/newsHalloweenHeader.jpg=NGXT5YRF2XYJT7IQO6AO2MN46OZNPQ5A) — era file never captured
srv/images/newsImportantBottom.jpg	O	f47f83c4fc7a249ebda785841dfa3b97db767a4e820d02b5f98d8c87c51201bd	archive/flashpoint-gamezip/content/tanktrouble.com/images/newsImportantBottom.jpg	live 2017-2018 per era-digest-match (tools/asset_choices.tsv; era digests GDFFMERMSU5X6YEKCZA67N2V64PYFIXW)	tests/test_assets.py	era method: era-digest-match; payload sha1 GDFFMERMSU5X6YEKCZA67N2V64PYFIXW on 4 CDX rows in 2017-2018 for /images/newsImportantBottom.jpg; candidate stored at strong location
srv/images/newsImportantContent.jpg	O	bc2528d89a09cf2360965b9a85f1cd19c5b860b5d213f26eeabee66ba4f267e0	archive/flashpoint-gamezip/content/tanktrouble.com/images/newsImportantContent.jpg	live 2017-2018 per era-digest-match (tools/asset_choices.tsv; era digests 3ZUGCNXMURFKRYARES2U6RKXF2UKOMH3)	tests/test_assets.py	era method: era-digest-match; payload sha1 3ZUGCNXMURFKRYARES2U6RKXF2UKOMH3 on 4 CDX rows in 2017-2018 for /images/newsImportantContent.jpg; candidate stored at strong location
srv/images/newsImportantHeader.jpg	O	6a70d424c635fc1598253cfa54d9e06840d1ff617cddfcfad75304b212978352	archive/flashpoint-gamezip/content/tanktrouble.com/images/newsImportantHeader.jpg	live 2017-2018 per era-digest-match (tools/asset_choices.tsv; era digests VCNDGAZBO7Y2NV4I5IKSMG3A2UDXVRSB)	tests/test_assets.py	era method: era-digest-match; payload sha1 VCNDGAZBO7Y2NV4I5IKSMG3A2UDXVRSB on 4 CDX rows in 2017-2018 for /images/newsImportantHeader.jpg; candidate stored at strong location
srv/images/newsLabBottom.jpg	O	285e691292e86c204bd4b1be7fac6f7a41c87b6e1be1c42c6db34caa05b53071	archive/flashpoint-gamezip/content/tanktrouble.com/images/newsLabBottom.jpg	live 2017-2018 per era-digest-match (tools/asset_choices.tsv; era digests 4XHJLIW6VVZ5PCAUBBNZQCHZYO2IWYEX)	tests/test_assets.py	era method: era-digest-match; payload sha1 4XHJLIW6VVZ5PCAUBBNZQCHZYO2IWYEX on 5 CDX rows in 2017-2018 for /images/newsLabBottom.jpg; candidate stored at strong location
srv/images/newsLabContent.jpg	O	e2703c2bf268389cbd584352135148a51109341c4af9975efcfd5f1e7b7b2446	archive/flashpoint-gamezip/content/tanktrouble.com/images/newsLabContent.jpg	live 2017-2018 per era-digest-match (tools/asset_choices.tsv; era digests RZCT5OK4Y3AWJTLB3KGGAEXQQG7FZC5R)	tests/test_assets.py	era method: era-digest-match; payload sha1 RZCT5OK4Y3AWJTLB3KGGAEXQQG7FZC5R on 5 CDX rows in 2017-2018 for /images/newsLabContent.jpg; candidate stored at strong location
srv/images/newsLabHeader.jpg	O	c8017ff8e84a6c7f81ae65b14516805a03345712b6a74268708a1ff963aabbff	archive/flashpoint-gamezip/content/tanktrouble.com/images/newsLabHeader.jpg	live 2017-2018 per era-digest-match (tools/asset_choices.tsv; era digests D6QFFKGB3MFZDTZWD3CO545R6OLBFJNA)	tests/test_assets.py	era method: era-digest-match; payload sha1 D6QFFKGB3MFZDTZWD3CO545R6OLBFJNA on 4 CDX rows in 2017-2018 for /images/newsLabHeader.jpg; candidate stored at strong location
srv/images/newsMobileBottom.jpg	O	5800292200dc6aa84c0a10141cc0e291f570c6e930c9726d07d083b35c54dd8e	archive/flashpoint-gamezip/content/tanktrouble.com/images/newsMobileBottom.jpg	live 2017-2018 per era-digest-match (tools/asset_choices.tsv; era digests XJI5JK42PUMZMRWDBXLEA6HBEQNTMY7C)	tests/test_assets.py	era method: era-digest-match; payload sha1 XJI5JK42PUMZMRWDBXLEA6HBEQNTMY7C on 5 CDX rows in 2017-2018 for /images/newsMobileBottom.jpg; candidate stored at strong location
srv/images/newsMobileContent.jpg	O	48a1e04bb2ba1f178266b78f1203294aaaaf8277a1bfb4d95b5353e664a89378	archive/flashpoint-gamezip/content/tanktrouble.com/images/newsMobileContent.jpg	live 2017-2018 per era-digest-match (tools/asset_choices.tsv; era digests XWC5U7DTHD2O4D55IGGVUAKFGPNTOAPX)	tests/test_assets.py	era method: era-digest-match; payload sha1 XWC5U7DTHD2O4D55IGGVUAKFGPNTOAPX on 5 CDX rows in 2017-2018 for /images/newsMobileContent.jpg; candidate stored at strong location
srv/images/newsMobileHeader.jpg	O	c8d0d2dde571bd199814a8996f8a8acfc80092924a58443365af18110a16cbe4	archive/flashpoint-gamezip/content/tanktrouble.com/images/newsMobileHeader.jpg	live 2017-2018 per era-digest-match (tools/asset_choices.tsv; era digests 4AB6UUERKZIC3ORSFSOMGOU7SFZ6JHZS)	tests/test_assets.py	era method: era-digest-match; payload sha1 4AB6UUERKZIC3ORSFSOMGOU7SFZ6JHZS on 4 CDX rows in 2017-2018 for /images/newsMobileHeader.jpg; candidate stored at strong location
srv/images/newsSpecialBottom.jpg	O	2f1efc735b81ba7220d12bb85b982fbb8c77dbd683e9425ff1db7805ca06b60a	archive/flashpoint-gamezip/content/tanktrouble.com/images/newsSpecialBottom.jpg	live 2017-2018 per era-digest-match (tools/asset_choices.tsv; era digests AR2CNLNRVWW3NJYGSXKATJP2JTY6LZ5N)	tests/test_assets.py	era method: era-digest-match; payload sha1 AR2CNLNRVWW3NJYGSXKATJP2JTY6LZ5N on 4 CDX rows in 2017-2018 for /images/newsSpecialBottom.jpg; candidate stored at strong location
srv/images/newsSpecialContent.jpg	O	81e4bb9a735378c147f9b7ef13d5a1134e9d5f9c5c88c4ceb47972514cf390cb	archive/flashpoint-gamezip/content/tanktrouble.com/images/newsSpecialContent.jpg	live 2017-2018 per era-digest-match (tools/asset_choices.tsv; era digests K7VYWXDPECKND7AVSHOSTSPKQY6T2UUH)	tests/test_assets.py	era method: era-digest-match; payload sha1 K7VYWXDPECKND7AVSHOSTSPKQY6T2UUH on 4 CDX rows in 2017-2018 for /images/newsSpecialContent.jpg; candidate stored at strong location
srv/images/newsSpecialHeader.jpg	O	fab1c7399346164cf380a45fbd959141f8ea78145ee31a4b8ac25684f4c825a0	archive/flashpoint-gamezip/content/tanktrouble.com/images/newsSpecialHeader.jpg	live 2017-2018 per era-digest-match (tools/asset_choices.tsv; era digests 5JPJ53SUWCNSE3RTXWSI5DJKOOO2FQS7)	tests/test_assets.py	era method: era-digest-match; payload sha1 5JPJ53SUWCNSE3RTXWSI5DJKOOO2FQS7 on 4 CDX rows in 2017-2018 for /images/newsSpecialHeader.jpg; candidate stored at strong location
srv/images/newsStandardBottom.jpg	O	b34818a4edaaa06737fe1981415aa294d060efb3fb96ce6b232bb0cba825182b	archive/flashpoint-gamezip/content/tanktrouble.com/images/newsStandardBottom.jpg	live 2017-2018 per era-digest-match (tools/asset_choices.tsv; era digests DYWJVMHPGDYMXZROQBOBDDZLWDFWF3ZA)	tests/test_assets.py	era method: era-digest-match; payload sha1 DYWJVMHPGDYMXZROQBOBDDZLWDFWF3ZA on 4 CDX rows in 2017-2018 for /images/newsStandardBottom.jpg; candidate stored at strong location
srv/images/newsStandardContent.jpg	O	811c58809116b424af4a6cbfa6a397c07a01272c055d82ace25d7adda6b4dd70	archive/flashpoint-gamezip/content/tanktrouble.com/images/newsStandardContent.jpg	live 2017-2018 per era-digest-match (tools/asset_choices.tsv; era digests YXTZE3WOZUSQD7GXQP344VHVSXZSIOBK)	tests/test_assets.py	era method: era-digest-match; payload sha1 YXTZE3WOZUSQD7GXQP344VHVSXZSIOBK on 5 CDX rows in 2017-2018 for /images/newsStandardContent.jpg; candidate stored at strong location
srv/images/newsStandardHeader.jpg	O	638bee1898e93dcd2bda4274d0bd65eb1801e397b19fe29e9f0747a75a622be4	archive/flashpoint-gamezip/content/tanktrouble.com/images/newsStandardHeader.jpg	live 2017-2018 per era-digest-match (tools/asset_choices.tsv; era digests 7FHXLOL2VMKO66N2UGVNHMWHWFYJIDU3)	tests/test_assets.py	era method: era-digest-match; payload sha1 7FHXLOL2VMKO66N2UGVNHMWHWFYJIDU3 on 4 CDX rows in 2017-2018 for /images/newsStandardHeader.jpg; candidate stored at strong location
srv/images/nextWeaponSketches.jpg	known-lost	—	—	referenced by the era pages; no era CDX row and no held bytes (tools/asset_choices.tsv)	tests/test_subresources.py	referenced by the pages but no era CDX row and no held bytes for /images/nextWeaponSketches.jpg
srv/images/polaroidDonut.png	known-lost	—	—	referenced by the era pages; no era CDX row and no held bytes (tools/asset_choices.tsv)	tests/test_subresources.py	referenced by the pages but no era CDX row and no held bytes for /images/polaroidDonut.png
srv/images/polaroidShaft.png	known-lost	—	—	referenced by the era pages; no era CDX row and no held bytes (tools/asset_choices.tsv)	tests/test_subresources.py	referenced by the pages but no era CDX row and no held bytes for /images/polaroidShaft.png
srv/images/pollBarGreenLeft.jpg	known-lost	—	—	referenced by the era pages; no era CDX row and no held bytes (tools/asset_choices.tsv)	tests/test_subresources.py	referenced by the pages but no era CDX row and no held bytes for /images/pollBarGreenLeft.jpg
srv/images/pollBarGreenMiddle.jpg	known-lost	—	—	referenced by the era pages; no era CDX row and no held bytes (tools/asset_choices.tsv)	tests/test_subresources.py	referenced by the pages but no era CDX row and no held bytes for /images/pollBarGreenMiddle.jpg
srv/images/pollBarGreenRight.jpg	known-lost	—	—	referenced by the era pages; no era CDX row and no held bytes (tools/asset_choices.tsv)	tests/test_subresources.py	referenced by the pages but no era CDX row and no held bytes for /images/pollBarGreenRight.jpg
srv/images/pollBarRedLeft.jpg	known-lost	—	—	referenced by the era pages; no era CDX row and no held bytes (tools/asset_choices.tsv)	tests/test_subresources.py	referenced by the pages but no era CDX row and no held bytes for /images/pollBarRedLeft.jpg
srv/images/pollBarRedMiddle.jpg	known-lost	—	—	referenced by the era pages; no era CDX row and no held bytes (tools/asset_choices.tsv)	tests/test_subresources.py	referenced by the pages but no era CDX row and no held bytes for /images/pollBarRedMiddle.jpg
srv/images/pollBarRedRight.jpg	known-lost	—	—	referenced by the era pages; no era CDX row and no held bytes (tools/asset_choices.tsv)	tests/test_subresources.py	referenced by the pages but no era CDX row and no held bytes for /images/pollBarRedRight.jpg
srv/images/pollBarYellowLeft.jpg	known-lost	—	—	referenced by the era pages; no era CDX row and no held bytes (tools/asset_choices.tsv)	tests/test_subresources.py	referenced by the pages but no era CDX row and no held bytes for /images/pollBarYellowLeft.jpg
srv/images/pollBarYellowMiddle.jpg	known-lost	—	—	referenced by the era pages; no era CDX row and no held bytes (tools/asset_choices.tsv)	tests/test_subresources.py	referenced by the pages but no era CDX row and no held bytes for /images/pollBarYellowMiddle.jpg
srv/images/pollBarYellowRight.jpg	known-lost	—	—	referenced by the era pages; no era CDX row and no held bytes (tools/asset_choices.tsv)	tests/test_subresources.py	referenced by the pages but no era CDX row and no held bytes for /images/pollBarYellowRight.jpg
srv/images/pollKickstarterCrates.png	known-lost	—	—	referenced by the era pages; no era CDX row and no held bytes (tools/asset_choices.tsv)	tests/test_subresources.py	referenced by the pages but no era CDX row and no held bytes for /images/pollKickstarterCrates.png
srv/images/pollSpacer150.png	known-lost	—	—	CDX rows capture the path in 2017-2018; bytes not held (tools/asset_choices.tsv)	tests/test_subresources.py	1 CDX rows in 2017-2018 for /images/pollSpacer150.png; bytes not held — Wayback refetch target
srv/images/pollSpacer250.png	known-lost	—	—	CDX rows capture the path in 2017-2018; bytes not held (tools/asset_choices.tsv)	tests/test_subresources.py	1 CDX rows in 2017-2018 for /images/pollSpacer250.png; bytes not held — Wayback refetch target
srv/images/posterCompetition1st.png	known-lost	—	—	CDX rows capture the path in 2017-2018; bytes not held (tools/asset_choices.tsv)	tests/test_subresources.py	1 CDX rows in 2017-2018 for /images/posterCompetition1st.png; bytes not held — Wayback refetch target
srv/images/posterCompetition2nd.png	known-lost	—	—	CDX rows capture the path in 2017-2018; bytes not held (tools/asset_choices.tsv)	tests/test_subresources.py	1 CDX rows in 2017-2018 for /images/posterCompetition2nd.png; bytes not held — Wayback refetch target
srv/images/posterCompetition3rd.png	known-lost	—	—	CDX rows capture the path in 2017-2018; bytes not held (tools/asset_choices.tsv)	tests/test_subresources.py	1 CDX rows in 2017-2018 for /images/posterCompetition3rd.png; bytes not held — Wayback refetch target
srv/images/posterCompetitionPrizes.png	known-lost	—	—	CDX rows capture the path in 2017-2018; bytes not held (tools/asset_choices.tsv)	tests/test_subresources.py	1 CDX rows in 2017-2018 for /images/posterCompetitionPrizes.png; bytes not held — Wayback refetch target
srv/images/researchFacility.jpg	known-lost	—	—	referenced by the era pages; no era CDX row and no held bytes (tools/asset_choices.tsv)	tests/test_subresources.py	referenced by the pages but no era CDX row and no held bytes for /images/researchFacility.jpg
srv/images/rotatingBalls.gif	O	1748db17e92c3b029277a3f141120e74e55e2728fb0ed016c75ab79355f91a11	archive/flashpoint-gamezip/content/tanktrouble.com/images/rotatingBalls.gif	live 2017-2018 per era-digest-match (tools/asset_choices.tsv; era digests VQW4ARZRQORKGLJUSHZOLHR2EIHNWCM3)	tests/test_assets.py	era method: era-digest-match; payload sha1 VQW4ARZRQORKGLJUSHZOLHR2EIHNWCM3 on 8 CDX rows in 2017-2018 for /images/rotatingBalls.gif; candidate stored at strong location
srv/images/shopCollection00.jpg	known-lost	—	—	referenced by the era pages; no era CDX row and no held bytes (tools/asset_choices.tsv)	tests/test_subresources.py	referenced by the pages but no era CDX row and no held bytes for /images/shopCollection00.jpg
srv/images/shopOpens.png	known-lost	—	—	CDX rows capture the path in 2017-2018; bytes not held (tools/asset_choices.tsv)	tests/test_subresources.py	1 CDX rows in 2017-2018 for /images/shopOpens.png; bytes not held — Wayback refetch target
srv/images/sixCrates.jpg	known-lost	—	—	referenced by the era pages; no era CDX row and no held bytes (tools/asset_choices.tsv)	tests/test_subresources.py	referenced by the pages but no era CDX row and no held bytes for /images/sixCrates.jpg
srv/images/skull.jpg	known-lost	—	—	referenced by the era pages; no era CDX row and no held bytes (tools/asset_choices.tsv)	tests/test_subresources.py	referenced by the pages but no era CDX row and no held bytes for /images/skull.jpg
srv/images/spannerRevealed.jpg	known-lost	—	—	referenced by the era pages; no era CDX row and no held bytes (tools/asset_choices.tsv)	tests/test_subresources.py	referenced by the pages but no era CDX row and no held bytes for /images/spannerRevealed.jpg
srv/images/sprayCans.png	known-lost	—	—	referenced by the era pages; no era CDX row and no held bytes (tools/asset_choices.tsv)	tests/test_subresources.py	referenced by the pages but no era CDX row and no held bytes for /images/sprayCans.png
srv/images/sprayCansChristmas.png	known-lost	—	—	referenced by the era pages; no era CDX row and no held bytes (tools/asset_choices.tsv)	tests/test_subresources.py	referenced by the pages but no era CDX row and no held bytes for /images/sprayCansChristmas.png
srv/images/sprayCansHotSummerFad.png	known-lost	—	—	no era CDX row and no copy at the served path (tools/asset_choices.tsv)	tests/test_subresources.py	no era CDX row and no copy at the served path; basename matches elsewhere in the archive (ia-items/extracted/images/SprayCansHotSummerFad.png; wiki-dumps/tt-game-wiki/images/SprayCansHotSummerFad.png) are unproven — adjudicate by eye before any promotion
srv/images/sprayCansSpringFashion.png	known-lost	—	—	no era CDX row and no copy at the served path (tools/asset_choices.tsv)	tests/test_subresources.py	no era CDX row and no copy at the served path; basename matches elsewhere in the archive (ia-items/extracted/images/SprayCansSpringFashion.png; wiki-dumps/tt-game-wiki/images/SprayCansSpringFashion.png) are unproven — adjudicate by eye before any promotion
srv/images/sprayCansWinterFashion.png	known-lost	—	—	no era CDX row and no copy at the served path (tools/asset_choices.tsv)	tests/test_subresources.py	no era CDX row and no copy at the served path; basename matches elsewhere in the archive (ia-items/extracted/images/SprayCansWinterFashion.png; wiki-dumps/tt-game-wiki/images/SprayCansWinterFashion.png) are unproven — adjudicate by eye before any promotion
srv/images/tab1Deselect.jpg	known-lost	—	—	CDX rows capture the path in 2017-2018; bytes not held (tools/asset_choices.tsv)	tests/test_subresources.py	1 CDX rows in 2017-2018 for /images/tab1Deselect.jpg; bytes not held — Wayback refetch target
srv/images/tab1Select.jpg	known-lost	—	—	era window served G2N2CI3255ISERQKGKWR4GHUBUJK4RTT; every held copy hashes to another era (tools/asset_choices.tsv)	tests/test_subresources.py	era window served G2N2CI3255ISERQKGKWR4GHUBUJK4RTT; held bytes are other eras (flashpoint-gamezip/content/tanktrouble.com/images/tab1Select.jpg=XXKJUVS7S672JT7SSSYIM22O3NDSIBL3) — era file never captured
srv/images/tab2Deselect.jpg	known-lost	—	—	era window served MKKK5U6HXNOHKRINADDQRMYGIRXFMCSN; every held copy hashes to another era (tools/asset_choices.tsv)	tests/test_subresources.py	era window served MKKK5U6HXNOHKRINADDQRMYGIRXFMCSN; held bytes are other eras (flashpoint-gamezip/content/tanktrouble.com/images/tab2Deselect.jpg=6UM3U4A5BJX2VX45ZN2YNG6344KUQMRS) — era file never captured
srv/images/tab2Select.jpg	known-lost	—	—	referenced by the era pages; no era CDX row and no held bytes (tools/asset_choices.tsv)	tests/test_subresources.py	referenced by the pages but no era CDX row and no held bytes for /images/tab2Select.jpg
srv/images/tab3Deselect.jpg	known-lost	—	—	era window served QAQP53CIUAGVH7WPTR7HCSMHQCLI5JUS; every held copy hashes to another era (tools/asset_choices.tsv)	tests/test_subresources.py	era window served QAQP53CIUAGVH7WPTR7HCSMHQCLI5JUS; held bytes are other eras (flashpoint-gamezip/content/tanktrouble.com/images/tab3Deselect.jpg=HFFSOFD32GUSH4W74FGW46ZXTCGCQFGN) — era file never captured
srv/images/tab3Select.jpg	known-lost	—	—	CDX rows capture the path in 2017-2018; bytes not held (tools/asset_choices.tsv)	tests/test_subresources.py	1 CDX rows in 2017-2018 for /images/tab3Select.jpg; bytes not held — Wayback refetch target
srv/images/tab4Deselect.jpg	known-lost	—	—	era window served K6FFP7E6LDDINXR2HLTSD3TBMUZ2L5N6; every held copy hashes to another era (tools/asset_choices.tsv)	tests/test_subresources.py	era window served K6FFP7E6LDDINXR2HLTSD3TBMUZ2L5N6; held bytes are other eras (flashpoint-gamezip/content/tanktrouble.com/images/tab4Deselect.jpg=BUGTLPLYWRB27HPDNR6V5ZI2JGXNOUQE) — era file never captured
srv/images/tab4Select.jpg	known-lost	—	—	referenced by the era pages; no era CDX row and no held bytes (tools/asset_choices.tsv)	tests/test_subresources.py	referenced by the pages but no era CDX row and no held bytes for /images/tab4Select.jpg
srv/images/tab5Deselect.jpg	known-lost	—	—	era window served 3754QG2GWIIDHAYPJZOGAUS7WIFL7L2A; every held copy hashes to another era (tools/asset_choices.tsv)	tests/test_subresources.py	era window served 3754QG2GWIIDHAYPJZOGAUS7WIFL7L2A; held bytes are other eras (flashpoint-gamezip/content/tanktrouble.com/images/tab5Deselect.jpg=G2IKZLKKVBMAITSFPPQJJCJW6CBLHWPF) — era file never captured
srv/images/tab5Select.jpg	known-lost	—	—	referenced by the era pages; no era CDX row and no held bytes (tools/asset_choices.tsv)	tests/test_subresources.py	referenced by the pages but no era CDX row and no held bytes for /images/tab5Select.jpg
srv/images/tab6Deselect.jpg	known-lost	—	—	CDX rows capture the path in 2017-2018; bytes not held (tools/asset_choices.tsv)	tests/test_subresources.py	17 CDX rows in 2017-2018 for /images/tab6Deselect.jpg; bytes not held — Wayback refetch target
srv/images/tab6Select.jpg	known-lost	—	—	CDX rows capture the path in 2017-2018; bytes not held (tools/asset_choices.tsv)	tests/test_subresources.py	1 CDX rows in 2017-2018 for /images/tab6Select.jpg; bytes not held — Wayback refetch target
srv/images/tankSpawnToolDeselect.jpg	known-lost	—	—	referenced by the era pages; no era CDX row and no held bytes (tools/asset_choices.tsv)	tests/test_subresources.py	referenced by the pages but no era CDX row and no held bytes for /images/tankSpawnToolDeselect.jpg
srv/images/tankSpawnToolSelect.jpg	known-lost	—	—	referenced by the era pages; no era CDX row and no held bytes (tools/asset_choices.tsv)	tests/test_subresources.py	referenced by the pages but no era CDX row and no held bytes for /images/tankSpawnToolSelect.jpg
srv/images/tankWithGatlingGun.jpg	known-lost	—	—	referenced by the era pages; no era CDX row and no held bytes (tools/asset_choices.tsv)	tests/test_subresources.py	referenced by the pages but no era CDX row and no held bytes for /images/tankWithGatlingGun.jpg
srv/images/tellAFriend.png	O	7670fd47117448edb5f17cfe283f1b0af2f8930116fe71e2cb800a6f37d00eec	archive/flashpoint-gamezip/content/tanktrouble.com/images/tellAFriend.png	live 2017-2018 per era-digest-match (tools/asset_choices.tsv; era digests IW5LZSIJANZCPGJC3I4XVDFONLNBUHGO)	tests/test_assets.py	era method: era-digest-match; payload sha1 IW5LZSIJANZCPGJC3I4XVDFONLNBUHGO on 80 CDX rows in 2017-2018 for /images/tellAFriend.png; candidate stored at strong location
srv/images/testTube.jpg	known-lost	—	—	CDX rows capture the path in 2017-2018; bytes not held (tools/asset_choices.tsv)	tests/test_subresources.py	1 CDX rows in 2017-2018 for /images/testTube.jpg; bytes not held — Wayback refetch target
srv/images/testTubeSmall.jpg	known-lost	—	—	referenced by the era pages; no era CDX row and no held bytes (tools/asset_choices.tsv)	tests/test_subresources.py	referenced by the pages but no era CDX row and no held bytes for /images/testTubeSmall.jpg
srv/images/thisPollIsClosed.png	known-lost	—	—	referenced by the era pages; no era CDX row and no held bytes (tools/asset_choices.tsv)	tests/test_subresources.py	referenced by the pages but no era CDX row and no held bytes for /images/thisPollIsClosed.png
srv/images/timeMagazine1963.png	known-lost	—	—	referenced by the era pages; no era CDX row and no held bytes (tools/asset_choices.tsv)	tests/test_subresources.py	referenced by the pages but no era CDX row and no held bytes for /images/timeMagazine1963.png
srv/images/toDo.png	known-lost	—	—	referenced by the era pages; no era CDX row and no held bytes (tools/asset_choices.tsv)	tests/test_subresources.py	referenced by the pages but no era CDX row and no held bytes for /images/toDo.png
srv/images/twoPawsUp.jpg	known-lost	—	—	referenced by the era pages; no era CDX row and no held bytes (tools/asset_choices.tsv)	tests/test_subresources.py	referenced by the pages but no era CDX row and no held bytes for /images/twoPawsUp.jpg
srv/images/visits20150107.png	known-lost	—	—	referenced by the era pages; no era CDX row and no held bytes (tools/asset_choices.tsv)	tests/test_subresources.py	referenced by the pages but no era CDX row and no held bytes for /images/visits20150107.png
srv/spreadTheWord/images/TankTrouble_400x50.jpg	known-lost	—	—	CDX rows capture the path in 2017-2018; bytes not held (tools/asset_choices.tsv)	tests/test_subresources.py	1 CDX rows in 2017-2018 for /spreadTheWord/images/TankTrouble_400x50.jpg; bytes not held — Wayback refetch target
srv/spreadTheWord/images/TankTrouble_72x36.jpg	known-lost	—	—	CDX rows capture the path in 2017-2018; bytes not held (tools/asset_choices.tsv)	tests/test_subresources.py	1 CDX rows in 2017-2018 for /spreadTheWord/images/TankTrouble_72x36.jpg; bytes not held — Wayback refetch target
srv/theLabReport/The_Lab_Report_volume_10_issue_4.pdf	known-lost	—	—	referenced by the era pages; no era CDX row and no held bytes (tools/asset_choices.tsv)	tests/test_subresources.py	referenced by the pages but no era CDX row and no held bytes for /theLabReport/The_Lab_Report_volume_10_issue_4.pdf
